State Name,County Name,RPP
Alabama,Autauga,87.87347584
Alabama,Baldwin,92.022
Alabama,Barbour,82.49564188
Alabama,Bibb,82.51481986
Alabama,Blount,81.37480276
Alabama,Bullock,87.55838394
Alabama,Butler,81.58000146
Alabama,Calhoun,83.677
Alabama,Chambers,82.44026746
Alabama,Cherokee,81.97381338
Alabama,Chilton,84.11347789
Alabama,Choctaw,81.52088748
Alabama,Clarke,81.71565657
Alabama,Clay,79.54103798
Alabama,Cleburne,85.25787489
Alabama,Coffee,88.65633615
Alabama,Colbert,86.5007795
Alabama,Conecuh,81.81520123
Alabama,Coosa,83.90514837
Alabama,Covington,81.47042968
Alabama,Crenshaw,86.73928479
Alabama,Cullman,86.41036624
Alabama,Dale,84.66776346
Alabama,Dallas,84.11203668
Alabama,DeKalb,81.02410565
Alabama,Elmore,87.87873709
Alabama,Escambia,81.51226686
Alabama,Etowah,84.383
Alabama,Fayette,80.497658
Alabama,Franklin,78.74640625
Alabama,Geneva,82.37277594
Alabama,Greene,85.44657637
Alabama,Hale,86.00646252
Alabama,Henry,86.27571085
Alabama,Houston,86.88891049
Alabama,Jackson,80.84436725
Alabama,Jefferson,91.64101804
Alabama,Lamar,80.08297545
Alabama,Lauderdale,84.67676425
Alabama,Lawrence,81.15560479
Alabama,Lee,89.589
Alabama,Limestone,90.75706977
Alabama,Lowndes,85.72736001
Alabama,Macon,89.03970458
Alabama,Madison,91.60702282
Alabama,Marengo,83.46033355
Alabama,Marion,80.54571325
Alabama,Marshall,83.13859927
Alabama,Mobile,87.91690864
Alabama,Monroe,81.58205306
Alabama,Montgomery,88.95369077
Alabama,Morgan,87.43508831
Alabama,Perry,82.75154643
Alabama,Pickens,81.15426854
Alabama,Pike,87.93824236
Alabama,Randolph,80.58493638
Alabama,Russell,86.22789054
Alabama,St. Clair,88.08748174
Alabama,Shelby,93.91045782
Alabama,Sumter,84.40803836
Alabama,Talladega,82.73941482
Alabama,Tallapoosa,84.18425422
Alabama,Tuscaloosa,88.75786712
Alabama,Walker,82.75971328
Alabama,Washington,81.46147565
Alabama,Wilcox,83.48931528
Alabama,Winston,79.68742352
Alaska,Aleutians East Borough,100.4082308
Alaska,Aleutians West Census Area,105.5388363
Alaska,Anchorage Municipality,107.239329
Alaska,Bethel Census Area,104.9355937
Alaska,Bristol Bay Borough,100.6987971
Alaska,Chugach Census Area,99.90113255
Alaska,Copper River Census Area,97.11866902
Alaska,Denali Borough,98.11792585
Alaska,Dillingham Census Area,101.2910988
Alaska,Fairbanks North Star Borough,104.461
Alaska,Haines Borough,99.50993667
Alaska,Hoonah-Angoon Census Area,98.88269831
Alaska,Juneau City and Borough,103.6619609
Alaska,Kenai Peninsula Borough,101.7878413
Alaska,Ketchikan Gateway Borough,102.2228797
Alaska,Kodiak Island Borough,105.1286229
Alaska,Kusilvak Census Area,96.26524374
Alaska,Lake and Peninsula Borough,97.12689117
Alaska,Matanuska-Susitna Borough,104.9020234
Alaska,Nome Census Area,102.3280977
Alaska,North Slope Borough,98.45045286
Alaska,Northwest Arctic Borough,100.6384741
Alaska,Petersburg Borough,98.88654167
Alaska,Prince of Wales-Hyder Census Area,94.83044377
Alaska,Sitka City and Borough,104.0167213
Alaska,Skagway Municipality,99.88544046
Alaska,Southeast Fairbanks Census Area,97.65602207
Alaska,Wrangell City and Borough,98.99628322
Alaska,Yakutat City and Borough,99.0171097
Alaska,Yukon-Koyukuk Census Area,95.23529581
Arizona,Apache,80.38269568
Arizona,Cochise,87.772
Arizona,Coconino,95.612
Arizona,Gila,82.49229621
Arizona,Graham,81.02827079
Arizona,Greenlee,78.05854403
Arizona,La Paz,81.07325591
Arizona,Maricopa,99.58940943
Arizona,Mohave,89.34
Arizona,Navajo,80.74695976
Arizona,Pima,92.856
Arizona,Pinal,94.13799169
Arizona,Santa Cruz,75.63171224
Arizona,Yavapai,93.961
Arizona,Yuma,89.29
Arkansas,Arkansas,85.61846049
Arkansas,Ashley,83.13043173
Arkansas,Baxter,88.4151258
Arkansas,Benton,93.26514686
Arkansas,Boone,86.25789985
Arkansas,Bradley,85.2146004
Arkansas,Calhoun,84.4094772
Arkansas,Carroll,85.68025355
Arkansas,Chicot,84.46297462
Arkansas,Clark,86.0479411
Arkansas,Clay,81.71904188
Arkansas,Cleburne,86.97270524
Arkansas,Cleveland,86.4331457
Arkansas,Columbia,85.55378101
Arkansas,Conway,84.00408773
Arkansas,Craighead,87.5364565
Arkansas,Crawford,86.47210305
Arkansas,Crittenden,82.96192366
Arkansas,Cross,83.34699656
Arkansas,Dallas,84.3639245
Arkansas,Desha,84.88628504
Arkansas,Drew,86.12515425
Arkansas,Faulkner,90.6302464
Arkansas,Franklin,83.98083365
Arkansas,Fulton,83.93264671
Arkansas,Garland,88.673
Arkansas,Grant,90.35868267
Arkansas,Greene,84.23854184
Arkansas,Hempstead,84.22556275
Arkansas,Hot Spring,84.45371
Arkansas,Howard,83.76757719
Arkansas,Independence,84.46779519
Arkansas,Izard,87.05456871
Arkansas,Jackson,83.56706636
Arkansas,Jefferson,87.59541052
Arkansas,Johnson,83.99247715
Arkansas,Lafayette,85.22083579
Arkansas,Lawrence,86.19677531
Arkansas,Lee,81.73197654
Arkansas,Lincoln,86.13474372
Arkansas,Little River,86.60770882
Arkansas,Logan,82.95856831
Arkansas,Lonoke,89.90222846
Arkansas,Madison,87.76009891
Arkansas,Marion,88.1785257
Arkansas,Miller,88.42889609
Arkansas,Mississippi,83.31817727
Arkansas,Monroe,80.63486172
Arkansas,Montgomery,86.15123516
Arkansas,Nevada,83.46817841
Arkansas,Newton,85.35381813
Arkansas,Ouachita,84.56731675
Arkansas,Perry,85.65548466
Arkansas,Phillips,84.69558791
Arkansas,Pike,85.51944547
Arkansas,Poinsett,82.56096961
Arkansas,Polk,84.99636565
Arkansas,Pope,85.49362701
Arkansas,Prairie,86.37717335
Arkansas,Pulaski,92.49555909
Arkansas,Randolph,84.42949943
Arkansas,St. Francis,83.15988822
Arkansas,Saline,91.33738211
Arkansas,Scott,82.98471117
Arkansas,Searcy,86.85659751
Arkansas,Sebastian,87.88200945
Arkansas,Sevier,84.99326397
Arkansas,Sharp,83.4938525
Arkansas,Stone,86.11348096
Arkansas,Union,86.48753357
Arkansas,Van Buren,86.14840218
Arkansas,Washington,93.04101725
Arkansas,White,85.00253914
Arkansas,Woodruff,83.94657298
Arkansas,Yell,82.88897397
California,Alameda,117.0848616
California,Alpine,118.8277805
California,Amador,102.7894684
California,Butte,102.489
California,Calaveras,104.3349253
California,Colusa,92.87792067
California,Contra Costa,114.9659818
California,Del Norte,95.15123304
California,El Dorado,112.0255514
California,Fresno,101.52
California,Glenn,91.9270363
California,Humboldt,103.4271375
California,Imperial,95.582
California,Inyo,94.21627154
California,Kern,100.897
California,Kings,98.531
California,Lake,101.07802
California,Lassen,97.80989342
California,Los Angeles,112.1063311
California,Madera,100.049
California,Marin,127.2417737
California,Mariposa,99.22472237
California,Mendocino,100.5785333
California,Merced,100.29
California,Modoc,93.63167652
California,Mono,101.5158133
California,Monterey,109.268
California,Napa,112.486
California,Nevada,112.4260773
California,Orange,120.3022816
California,Placer,113.6049312
California,Plumas,98.15225392
California,Riverside,106.966647
California,Sacramento,103.8376032
California,San Benito,99.58835891
California,San Bernardino,103.844824
California,San Diego,115.091
California,San Francisco,123.2552049
California,San Joaquin,104.609
California,San Luis Obispo,108.631
California,San Mateo,127.743894
California,Santa Barbara,111.817
California,Santa Clara,112.0241515
California,Santa Cruz,109.095
California,Shasta,99.34
California,Sierra,109.562593
California,Siskiyou,94.04951463
California,Solano,109.41
California,Sonoma,109.878
California,Stanislaus,102.967
California,Sutter,103.1729585
California,Tehama,93.91436588
California,Trinity,93.67638627
California,Tulare,98.924
California,Tuolumne,100.335641
California,Ventura,111.466
California,Yolo,105.4268549
California,Yuba,99.47891759
Colorado,Adams,103.7679066
Colorado,Alamosa,90.68656178
Colorado,Arapahoe,108.2352671
Colorado,Archuleta,99.77534222
Colorado,Baca,74.79747139
Colorado,Bent,85.05763447
Colorado,Boulder,101.026
Colorado,Broomfield,112.2665669
Colorado,Chaffee,93.74006459
Colorado,Cheyenne,79.24374952
Colorado,Clear Creek,104.1194937
Colorado,Conejos,88.39953787
Colorado,Costilla,88.32945043
Colorado,Crowley,87.75470214
Colorado,Custer,84.76549169
Colorado,Delta,87.90941714
Colorado,Denver,110.3953212
Colorado,Dolores,87.27428832
Colorado,Douglas,116.1560123
Colorado,Eagle,107.7739569
Colorado,Elbert,102.2280494
Colorado,El Paso,96.50884159
Colorado,Fremont,87.77977885
Colorado,Garfield,95.32977489
Colorado,Gilpin,109.2423162
Colorado,Grand,100.4301208
Colorado,Gunnison,93.25648041
Colorado,Hinsdale,90.54198488
Colorado,Huerfano,84.18478151
Colorado,Jackson,94.68543792
Colorado,Jefferson,109.1282554
Colorado,Kiowa,82.38458723
Colorado,Kit Carson,83.02512228
Colorado,Lake,105.2984306
Colorado,La Plata,99.53347582
Colorado,Larimer,97.722
Colorado,Las Animas,85.63842871
Colorado,Lincoln,88.23438359
Colorado,Logan,84.00108339
Colorado,Mesa,92.237
Colorado,Mineral,99.60776519
Colorado,Moffat,96.63456036
Colorado,Montezuma,87.71467274
Colorado,Montrose,92.19167894
Colorado,Morgan,85.95191693
Colorado,Otero,84.99353924
Colorado,Ouray,97.0196525
Colorado,Park,110.8229284
Colorado,Phillips,83.38681295
Colorado,Pitkin,105.5017388
Colorado,Prowers,80.14593831
Colorado,Pueblo,90.687
Colorado,Rio Blanco,88.0127242
Colorado,Rio Grande,84.86343188
Colorado,Routt,106.2154372
Colorado,Saguache,83.21668991
Colorado,San Juan,96.87605591
Colorado,San Miguel,101.967998
Colorado,Sedgwick,80.22849175
Colorado,Summit,114.0772166
Colorado,Teller,99.01949429
Colorado,Washington,83.26941696
Colorado,Weld,95.298
Colorado,Yuma,82.71978478
Connecticut,Fairfield,106.137
Connecticut,Hartford,100.9075451
Connecticut,Litchfield,98.86
Connecticut,Middlesex,103.8017842
Connecticut,New Haven,101.322
Connecticut,New London,100.031
Connecticut,Tolland,105.1344628
Connecticut,Windham,96.07805277
Delaware,Kent,95.859
Delaware,New Castle,98.65167792
Delaware,Sussex,95.74133029
District of Columbia,District of Columbia,112.7008896
Florida,Alachua,98.01632132
Florida,Baker,88.70208202
Florida,Bay,96.768
Florida,Bradford,89.06629826
Florida,Brevard,98.939
Florida,Broward,110.1680371
Florida,Calhoun,86.30034363
Florida,Charlotte,96.235
Florida,Citrus,93.718
Florida,Clay,96.96199954
Florida,Collier,102.231
Florida,Columbia,91.12243103
Florida,DeSoto,90.13966901
Florida,Dixie,86.07610722
Florida,Duval,97.04692941
Florida,Escambia,94.22880035
Florida,Flagler,100.4807204
Florida,Franklin,94.2728233
Florida,Gadsden,85.42865575
Florida,Gilchrist,86.52912011
Florida,Glades,87.25122074
Florida,Gulf,97.3976189
Florida,Hamilton,89.79296431
Florida,Hardee,88.20776749
Florida,Hendry,88.6918122
Florida,Hernando,93.2187843
Florida,Highlands,89.837
Florida,Hillsborough,98.77926188
Florida,Holmes,86.08724447
Florida,Indian River,98.12
Florida,Jackson,88.11450725
Florida,Jefferson,91.62057298
Florida,Lafayette,88.82905789
Florida,Lake,96.99002937
Florida,Lee,99.965
Florida,Leon,97.03002946
Florida,Levy,85.6098289
Florida,Liberty,87.91132381
Florida,Madison,90.14801195
Florida,Manatee,97.16830208
Florida,Marion,93.833
Florida,Martin,101.4890269
Florida,Miami-Dade,109.3577493
Florida,Monroe,118.8761438
Florida,Nassau,99.04912561
Florida,Okaloosa,96.56699239
Florida,Okeechobee,91.76084339
Florida,Orange,100.6339397
Florida,Osceola,96.86034446
Florida,Palm Beach,110.861631
Florida,Pasco,96.89440662
Florida,Pinellas,101.2884408
Florida,Polk,96.097
Florida,Putnam,89.92193394
Florida,St. Johns,107.0652934
Florida,St. Lucie,97.07790605
Florida,Santa Rosa,98.34655349
Florida,Sarasota,101.2401953
Florida,Seminole,102.0818232
Florida,Sumter,95.988
Florida,Suwannee,90.97460018
Florida,Taylor,87.72136125
Florida,Union,88.34808637
Florida,Volusia,97.24245119
Florida,Wakulla,89.95341809
Florida,Walton,97.61118315
Florida,Washington,86.08321399
Georgia,Appling,85.38570879
Georgia,Atkinson,82.59416425
Georgia,Bacon,83.78510993
Georgia,Baker,83.39845168
Georgia,Baldwin,88.79516179
Georgia,Banks,94.4195534
Georgia,Barrow,95.46370675
Georgia,Bartow,92.45175072
Georgia,Ben Hill,87.77989458
Georgia,Berrien,87.65842527
Georgia,Bibb,87.83862228
Georgia,Bleckley,84.80029039
Georgia,Brantley,82.57644752
Georgia,Brooks,86.31904358
Georgia,Bryan,98.75957525
Georgia,Bulloch,88.9070209
Georgia,Burke,84.74318003
Georgia,Butts,90.57522601
Georgia,Calhoun,87.15470465
Georgia,Camden,94.18589719
Georgia,Candler,86.4500395
Georgia,Carroll,91.09479472
Georgia,Catoosa,88.59182768
Georgia,Charlton,90.06713256
Georgia,Chatham,96.14644333
Georgia,Chattahoochee,89.88345092
Georgia,Chattooga,83.71413421
Georgia,Cherokee,100.1527016
Georgia,Clarke,95.15916303
Georgia,Clay,84.07844977
Georgia,Clayton,91.86661886
Georgia,Clinch,84.28669761
Georgia,Cobb,101.8835645
Georgia,Coffee,84.43244286
Georgia,Colquitt,88.3371717
Georgia,Columbia,96.35298253
Georgia,Cook,88.95070018
Georgia,Coweta,97.19557403
Georgia,Crawford,97.06433488
Georgia,Crisp,84.97475842
Georgia,Dade,84.06543129
Georgia,Dawson,97.80878439
Georgia,Decatur,86.10867684
Georgia,DeKalb,99.93884449
Georgia,Dodge,84.23694095
Georgia,Dooly,84.24946481
Georgia,Dougherty,89.3489265
Georgia,Douglas,94.81859782
Georgia,Early,90.49344595
Georgia,Echols,86.57070214
Georgia,Effingham,89.951289
Georgia,Elbert,84.82736884
Georgia,Emanuel,82.79664969
Georgia,Evans,85.45254802
Georgia,Fannin,87.60475977
Georgia,Fayette,102.3315212
Georgia,Floyd,90.898
Georgia,Forsyth,104.2504874
Georgia,Franklin,89.16694697
Georgia,Fulton,105.877833
Georgia,Gilmer,87.37985505
Georgia,Glascock,83.00236566
Georgia,Glynn,91.6831197
Georgia,Gordon,88.25347457
Georgia,Grady,84.88576262
Georgia,Greene,84.61960575
Georgia,Gwinnett,97.75165989
Georgia,Habersham,86.13823787
Georgia,Hall,94.046
Georgia,Hancock,88.0806498
Georgia,Haralson,85.78390567
Georgia,Harris,87.73226035
Georgia,Hart,84.63878745
Georgia,Heard,83.70444621
Georgia,Henry,96.04512233
Georgia,Houston,90.66372491
Georgia,Irwin,88.05496341
Georgia,Jackson,94.87117947
Georgia,Jasper,91.7093118
Georgia,Jeff Davis,83.35323019
Georgia,Jefferson,83.25950289
Georgia,Jenkins,83.30231504
Georgia,Johnson,86.18059539
Georgia,Jones,84.76196716
Georgia,Lamar,84.89187755
Georgia,Lanier,87.15536126
Georgia,Laurens,87.65857818
Georgia,Lee,92.3170701
Georgia,Liberty,94.49064674
Georgia,Lincoln,84.68613318
Georgia,Long,89.84408635
Georgia,Lowndes,88.63506323
Georgia,Lumpkin,90.13135829
Georgia,McDuffie,85.36866063
Georgia,McIntosh,90.31661802
Georgia,Macon,100.1574742
Georgia,Madison,88.68759785
Georgia,Marion,85.98751618
Georgia,Meriwether,87.71644401
Georgia,Miller,85.14162065
Georgia,Mitchell,84.50366361
Georgia,Monroe,83.30449579
Georgia,Montgomery,85.32098013
Georgia,Morgan,86.33424369
Georgia,Murray,90.87793362
Georgia,Muscogee,90.10997984
Georgia,Newton,91.92204896
Georgia,Oconee,96.72305716
Georgia,Oglethorpe,93.31748303
Georgia,Paulding,95.67519943
Georgia,Peach,99.69812599
Georgia,Pickens,90.27342695
Georgia,Pierce,84.9971567
Georgia,Pike,89.90096724
Georgia,Polk,85.26685457
Georgia,Pulaski,85.98897271
Georgia,Putnam,86.06791245
Georgia,Quitman,87.36612559
Georgia,Rabun,88.31061068
Georgia,Randolph,85.91719824
Georgia,Richmond,92.2118473
Georgia,Rockdale,96.43444506
Georgia,Schley,86.05757892
Georgia,Screven,86.31638356
Georgia,Seminole,86.76685117
Georgia,Spalding,90.35139758
Georgia,Stephens,85.07793938
Georgia,Stewart,86.76131921
Georgia,Sumter,90.72230005
Georgia,Talbot,85.57383382
Georgia,Taliaferro,82.70220423
Georgia,Tattnall,85.11945444
Georgia,Taylor,100.2027636
Georgia,Telfair,82.90944072
Georgia,Terrell,89.44373576
Georgia,Thomas,93.4636917
Georgia,Tift,88.20359892
Georgia,Toombs,84.90212246
Georgia,Towns,88.04114446
Georgia,Treutlen,84.152731
Georgia,Troup,90.35045699
Georgia,Turner,82.71727795
Georgia,Twiggs,85.5049525
Georgia,Union,88.01527617
Georgia,Upson,84.77206355
Georgia,Walker,84.9298469
Georgia,Walton,92.28925583
Georgia,Ware,85.1904247
Georgia,Warren,83.32191813
Georgia,Washington,85.32373989
Georgia,Wayne,84.8845207
Georgia,Webster,89.29257902
Georgia,Wheeler,84.16477164
Georgia,White,87.04482444
Georgia,Whitfield,90.68362173
Georgia,Wilcox,83.79888848
Georgia,Wilkes,84.12095758
Georgia,Wilkinson,87.75150504
Georgia,Worth,84.47842951
Hawaii,Hawaii,106.4318299
Hawaii,Honolulu,114.025
Hawaii,Kalawao,117.5293656
Hawaii,Kauai,110.5620732
Hawaii,Maui,111.145
Idaho,Ada,97.17266332
Idaho,Adams,89.63479055
Idaho,Bannock,88.58246719
Idaho,Bear Lake,83.45874932
Idaho,Benewah,89.20515118
Idaho,Bingham,82.7555173
Idaho,Blaine,103.3765314
Idaho,Boise,92.07881563
Idaho,Bonner,89.82127347
Idaho,Bonneville,90.62210876
Idaho,Boundary,86.84745776
Idaho,Butte,99.84796847
Idaho,Camas,102.4635443
Idaho,Canyon,87.98112589
Idaho,Caribou,86.08075341
Idaho,Cassia,82.47222496
Idaho,Clark,82.7938535
Idaho,Clearwater,95.37028949
Idaho,Custer,98.25889522
Idaho,Elmore,87.10926281
Idaho,Franklin,92.65978829
Idaho,Fremont,84.38634765
Idaho,Gem,84.39282648
Idaho,Gooding,83.91039864
Idaho,Idaho,94.81853127
Idaho,Jefferson,88.58383528
Idaho,Jerome,85.43072065
Idaho,Kootenai,93.738
Idaho,Latah,92.45604549
Idaho,Lemhi,93.05609363
Idaho,Lewis,94.28556519
Idaho,Lincoln,82.95958122
Idaho,Madison,84.53941843
Idaho,Minidoka,80.54014533
Idaho,Nez Perce,89.91575093
Idaho,Oneida,85.13888629
Idaho,Owyhee,83.6523881
Idaho,Payette,91.06968409
Idaho,Power,87.66136659
Idaho,Shoshone,89.03936813
Idaho,Teton,107.5416046
Idaho,Twin Falls,90.94812427
Idaho,Valley,92.44868948
Idaho,Washington,89.47924921
Illinois,Adams,88.91049743
Illinois,Alexander,84.22541267
Illinois,Bond,86.13384479
Illinois,Boone,92.97739054
Illinois,Brown,88.45091481
Illinois,Bureau,88.11502332
Illinois,Calhoun,84.04756664
Illinois,Carroll,87.83219939
Illinois,Cass,84.801134
Illinois,Champaign,93.3563343
Illinois,Christian,86.50904285
Illinois,Clark,86.53588157
Illinois,Clay,87.09529084
Illinois,Clinton,90.34992977
Illinois,Coles,86.5835342
Illinois,Cook,105.5770181
Illinois,Crawford,84.21967117
Illinois,Cumberland,86.45376285
Illinois,DeKalb,101.3082361
Illinois,De Witt,88.04509903
Illinois,Douglas,86.32441362
Illinois,DuPage,111.3097149
Illinois,Edgar,86.22481435
Illinois,Edwards,83.92878764
Illinois,Effingham,87.30689965
Illinois,Fayette,85.20004134
Illinois,Ford,90.1339983
Illinois,Franklin,84.85823495
Illinois,Fulton,87.90227289
Illinois,Gallatin,82.62229403
Illinois,Greene,84.53370527
Illinois,Grundy,100.8069535
Illinois,Hamilton,84.35693058
Illinois,Hancock,87.49039179
Illinois,Hardin,82.41364681
Illinois,Henderson,89.3394688
Illinois,Henry,88.4149227
Illinois,Iroquois,85.42385783
Illinois,Jackson,86.4755087
Illinois,Jasper,85.54826752
Illinois,Jefferson,87.24783826
Illinois,Jersey,84.47735152
Illinois,Jo Daviess,88.93124127
Illinois,Johnson,84.9393538
Illinois,Kane,103.7618179
Illinois,Kankakee,91.849
Illinois,Kendall,104.9634825
Illinois,Knox,87.7948721
Illinois,Lake,106.9724958
Illinois,LaSalle,90.8962271
Illinois,Lawrence,84.96168257
Illinois,Lee,88.2477344
Illinois,Livingston,88.60035996
Illinois,Logan,86.5287119
Illinois,McDonough,88.93414302
Illinois,McHenry,104.7485205
Illinois,McLean,92.772
Illinois,Macon,89.406
Illinois,Macoupin,87.71149876
Illinois,Madison,90.93380335
Illinois,Marion,83.94409295
Illinois,Marshall,92.03761486
Illinois,Mason,88.8628302
Illinois,Massac,86.77476346
Illinois,Menard,89.89662884
Illinois,Mercer,88.49695096
Illinois,Monroe,92.37307435
Illinois,Montgomery,86.02979849
Illinois,Morgan,85.40367858
Illinois,Moultrie,85.40191229
Illinois,Ogle,90.54223463
Illinois,Peoria,90.8819453
Illinois,Perry,83.82314637
Illinois,Piatt,91.79024895
Illinois,Pike,84.72003889
Illinois,Pope,81.99149697
Illinois,Pulaski,85.76692241
Illinois,Putnam,87.58620943
Illinois,Randolph,86.08372264
Illinois,Richland,84.34331889
Illinois,Rock Island,90.43766488
Illinois,St. Clair,92.81927009
Illinois,Saline,85.03892293
Illinois,Sangamon,91.61423364
Illinois,Schuyler,89.22062696
Illinois,Scott,83.75606347
Illinois,Shelby,84.43908685
Illinois,Stark,86.90790265
Illinois,Stephenson,89.94646884
Illinois,Tazewell,88.56796812
Illinois,Union,87.41971357
Illinois,Vermilion,87.94
Illinois,Wabash,85.45553042
Illinois,Warren,88.36648956
Illinois,Washington,87.70995228
Illinois,Wayne,85.19411689
Illinois,White,86.82874342
Illinois,Whiteside,87.89554607
Illinois,Will,103.8549154
Illinois,Williamson,86.54246783
Illinois,Winnebago,93.15264826
Illinois,Woodford,93.48488961
Indiana,Adams,85.68957768
Indiana,Allen,91.9387932
Indiana,Bartholomew,91.738
Indiana,Benton,90.28976425
Indiana,Blackford,87.48973222
Indiana,Boone,96.28705897
Indiana,Brown,91.45587376
Indiana,Carroll,90.29593184
Indiana,Cass,86.39698448
Indiana,Clark,89.87945372
Indiana,Clay,86.36748074
Indiana,Clinton,86.60070752
Indiana,Crawford,85.77980666
Indiana,Daviess,86.18557587
Indiana,Dearborn,90.13595513
Indiana,Decatur,88.57807197
Indiana,DeKalb,88.71875439
Indiana,Delaware,88.888
Indiana,Dubois,88.62612699
Indiana,Elkhart,87.619
Indiana,Fayette,85.7271584
Indiana,Floyd,90.44469205
Indiana,Fountain,90.51926134
Indiana,Franklin,91.08594574
Indiana,Fulton,87.73309757
Indiana,Gibson,87.20757947
Indiana,Grant,88.43033208
Indiana,Greene,84.9812637
Indiana,Hamilton,102.5501019
Indiana,Hancock,94.62232692
Indiana,Harrison,85.24113603
Indiana,Hendricks,95.11036754
Indiana,Henry,89.11859048
Indiana,Howard,90.552
Indiana,Huntington,87.58435679
Indiana,Jackson,87.46536323
Indiana,Jasper,97.38329961
Indiana,Jay,85.09472943
Indiana,Jefferson,88.83528062
Indiana,Jennings,87.28458769
Indiana,Johnson,94.49416909
Indiana,Knox,87.13369839
Indiana,Kosciusko,91.26397251
Indiana,LaGrange,87.82090092
Indiana,Lake,99.24265968
Indiana,LaPorte,90.67
Indiana,Lawrence,86.43694954
Indiana,Madison,89.7674142
Indiana,Marion,93.29253999
Indiana,Marshall,89.85816629
Indiana,Martin,84.99803914
Indiana,Miami,89.89906263
Indiana,Monroe,94.72179104
Indiana,Montgomery,88.31451299
Indiana,Morgan,90.67017873
Indiana,Newton,97.40165213
Indiana,Noble,87.00609914
Indiana,Ohio,90.18935571
Indiana,Orange,86.61234712
Indiana,Owen,88.28060085
Indiana,Parke,86.82302635
Indiana,Perry,89.37758963
Indiana,Pike,85.71721219
Indiana,Porter,100.4418523
Indiana,Posey,88.77623187
Indiana,Pulaski,90.44075727
Indiana,Putnam,90.14092989
Indiana,Randolph,87.36229204
Indiana,Ripley,86.7387465
Indiana,Rush,88.92544405
Indiana,St. Joseph,92.16969698
Indiana,Scott,87.35828524
Indiana,Shelby,90.44075108
Indiana,Spencer,90.39632171
Indiana,Starke,90.34052011
Indiana,Steuben,89.4596717
Indiana,Sullivan,84.79997985
Indiana,Switzerland,88.4878044
Indiana,Tippecanoe,92.6717239
Indiana,Tipton,89.13937373
Indiana,Union,87.53729366
Indiana,Vanderburgh,90.89455916
Indiana,Vermillion,86.64729086
Indiana,Vigo,87.91662195
Indiana,Wabash,86.31758963
Indiana,Warren,90.83620969
Indiana,Warrick,90.218912
Indiana,Washington,82.28571151
Indiana,Wayne,88.65577386
Indiana,Wells,86.68590318
Indiana,White,87.68126704
Indiana,Whitley,91.25408431
Iowa,Adair,91.03077842
Iowa,Adams,84.29969611
Iowa,Allamakee,86.32058315
Iowa,Appanoose,84.0915041
Iowa,Audubon,85.53878058
Iowa,Benton,89.41177217
Iowa,Black Hawk,89.71656555
Iowa,Boone,87.49651453
Iowa,Bremer,86.63777102
Iowa,Buchanan,85.88547818
Iowa,Buena Vista,84.51625516
Iowa,Butler,86.3361563
Iowa,Calhoun,84.53251009
Iowa,Carroll,85.37807435
Iowa,Cass,86.59142591
Iowa,Cedar,86.19895663
Iowa,Cerro Gordo,88.84640924
Iowa,Cherokee,83.33877228
Iowa,Chickasaw,86.48205577
Iowa,Clarke,88.26880741
Iowa,Clay,83.79199176
Iowa,Clayton,88.81319356
Iowa,Clinton,86.29658319
Iowa,Crawford,86.20733682
Iowa,Dallas,94.7626359
Iowa,Davis,84.79361302
Iowa,Decatur,86.99157428
Iowa,Delaware,84.3843759
Iowa,Des Moines,87.5783669
Iowa,Dickinson,84.80995541
Iowa,Dubuque,88.155
Iowa,Emmet,87.97924401
Iowa,Fayette,84.97068676
Iowa,Floyd,87.3401553
Iowa,Franklin,87.45993516
Iowa,Fremont,90.93157883
Iowa,Greene,86.3300896
Iowa,Grundy,87.98283871
Iowa,Guthrie,91.55052688
Iowa,Hamilton,85.81094406
Iowa,Hancock,88.33888565
Iowa,Hardin,85.04373253
Iowa,Harrison,87.64923227
Iowa,Henry,85.20740003
Iowa,Howard,86.10380636
Iowa,Humboldt,85.30017111
Iowa,Ida,81.93004115
Iowa,Iowa,87.68238306
Iowa,Jackson,85.23222291
Iowa,Jasper,87.9001792
Iowa,Jefferson,85.16840294
Iowa,Johnson,94.11196281
Iowa,Jones,85.83441623
Iowa,Keokuk,84.74016787
Iowa,Kossuth,87.53773824
Iowa,Lee,86.02553739
Iowa,Linn,92.83656034
Iowa,Louisa,85.73389305
Iowa,Lucas,85.97404209
Iowa,Lyon,85.15263344
Iowa,Madison,93.63635482
Iowa,Mahaska,84.64267071
Iowa,Marion,85.89803631
Iowa,Marshall,86.57973446
Iowa,Mills,89.28662454
Iowa,Mitchell,85.1243434
Iowa,Monona,86.55574472
Iowa,Monroe,84.98062986
Iowa,Montgomery,86.38301087
Iowa,Muscatine,87.55456964
Iowa,O'Brien,84.53935541
Iowa,Osceola,83.58669061
Iowa,Page,84.41362232
Iowa,Palo Alto,83.02956695
Iowa,Plymouth,85.65274832
Iowa,Pocahontas,82.85773295
Iowa,Polk,93.79909374
Iowa,Pottawattamie,89.82575479
Iowa,Poweshiek,87.12639053
Iowa,Ringgold,83.86828918
Iowa,Sac,82.98982767
Iowa,Scott,93.2188372
Iowa,Shelby,86.18197513
Iowa,Sioux,85.76962353
Iowa,Story,92.59049517
Iowa,Tama,86.03612557
Iowa,Taylor,83.8790633
Iowa,Union,90.8975277
Iowa,Van Buren,83.71785848
Iowa,Wapello,85.50036379
Iowa,Warren,91.70594708
Iowa,Washington,85.24995812
Iowa,Wayne,84.87070468
Iowa,Webster,86.49576971
Iowa,Winnebago,87.73686582
Iowa,Winneshiek,86.52236419
Iowa,Woodbury,90.78157721
Iowa,Worth,87.6134231
Iowa,Wright,85.09051352
Kansas,Allen,85.08190816
Kansas,Anderson,87.69544073
Kansas,Atchison,88.71775144
Kansas,Barber,84.72002615
Kansas,Barton,85.66050167
Kansas,Bourbon,87.819694
Kansas,Brown,87.31620006
Kansas,Butler,91.37793198
Kansas,Chase,85.84123738
Kansas,Chautauqua,88.4649071
Kansas,Cherokee,86.89129715
Kansas,Cheyenne,86.56323557
Kansas,Clark,84.97948872
Kansas,Clay,87.89136815
Kansas,Cloud,87.03213253
Kansas,Coffey,86.1484863
Kansas,Comanche,84.27796202
Kansas,Cowley,84.69809608
Kansas,Crawford,88.26717558
Kansas,Decatur,85.67443493
Kansas,Dickinson,87.03831365
Kansas,Doniphan,89.01117755
Kansas,Douglas,92.795
Kansas,Edwards,84.490108
Kansas,Elk,84.10835375
Kansas,Ellis,87.72048176
Kansas,Ellsworth,86.44217645
Kansas,Finney,86.78042915
Kansas,Ford,86.20946486
Kansas,Franklin,89.17551938
Kansas,Geary,87.22076816
Kansas,Gove,87.00583727
Kansas,Graham,86.39514425
Kansas,Grant,83.86764616
Kansas,Gray,85.14272598
Kansas,Greeley,84.0508432
Kansas,Greenwood,85.67338283
Kansas,Hamilton,86.27835042
Kansas,Harper,84.70502274
Kansas,Harvey,88.97107256
Kansas,Haskell,83.85094503
Kansas,Hodgeman,85.94346164
Kansas,Jackson,87.96249608
Kansas,Jefferson,91.5501003
Kansas,Jewell,86.16127931
Kansas,Johnson,98.40615372
Kansas,Kearny,87.40547018
Kansas,Kingman,86.93783955
Kansas,Kiowa,84.309231
Kansas,Labette,85.36576503
Kansas,Lane,83.81076001
Kansas,Leavenworth,92.46931306
Kansas,Lincoln,85.98774662
Kansas,Linn,90.0575882
Kansas,Logan,85.76213215
Kansas,Lyon,87.27259906
Kansas,McPherson,88.29237344
Kansas,Marion,85.75303859
Kansas,Marshall,87.30876105
Kansas,Meade,83.81912213
Kansas,Miami,93.44946774
Kansas,Mitchell,86.70286765
Kansas,Montgomery,85.2636278
Kansas,Morris,86.12393121
Kansas,Morton,83.83302275
Kansas,Nemaha,87.07738587
Kansas,Neosho,84.96300239
Kansas,Ness,85.89054944
Kansas,Norton,85.14243836
Kansas,Osage,87.45375665
Kansas,Osborne,85.71500916
Kansas,Ottawa,87.66769877
Kansas,Pawnee,85.94434339
Kansas,Phillips,86.50356846
Kansas,Pottawatomie,87.09337852
Kansas,Pratt,87.25038003
Kansas,Rawlins,88.18212781
Kansas,Reno,87.32910708
Kansas,Republic,86.94899404
Kansas,Rice,86.06548863
Kansas,Riley,93.8194421
Kansas,Rooks,85.65723086
Kansas,Rush,85.92055336
Kansas,Russell,87.08749706
Kansas,Saline,88.33261331
Kansas,Scott,85.92574604
Kansas,Sedgwick,91.24063405
Kansas,Seward,85.70547961
Kansas,Shawnee,89.42353525
Kansas,Sheridan,87.23042933
Kansas,Sherman,85.6684496
Kansas,Smith,86.77456035
Kansas,Stafford,84.16445271
Kansas,Stanton,83.94597821
Kansas,Stevens,85.05954899
Kansas,Sumner,87.31477441
Kansas,Thomas,84.7302799
Kansas,Trego,86.09379324
Kansas,Wabaunsee,88.47587011
Kansas,Wallace,83.53959156
Kansas,Washington,85.6106117
Kansas,Wichita,85.67624923
Kansas,Wilson,85.15527953
Kansas,Woodson,85.66571015
Kansas,Wyandotte,89.05867079
Kentucky,Adair,82.75384136
Kentucky,Allen,86.86422835
Kentucky,Anderson,85.58769235
Kentucky,Ballard,86.41984541
Kentucky,Barren,84.00705932
Kentucky,Bath,83.75613315
Kentucky,Bell,83.46806227
Kentucky,Boone,95.94929101
Kentucky,Bourbon,85.76173071
Kentucky,Boyd,88.46865821
Kentucky,Boyle,87.09263404
Kentucky,Bracken,89.21400723
Kentucky,Breathitt,83.71536646
Kentucky,Breckinridge,86.4815165
Kentucky,Bullitt,88.63952999
Kentucky,Butler,80.97390108
Kentucky,Caldwell,84.67079422
Kentucky,Calloway,87.04781968
Kentucky,Campbell,96.12618437
Kentucky,Carlisle,82.8397443
Kentucky,Carroll,85.77964979
Kentucky,Carter,91.22829796
Kentucky,Casey,81.40839625
Kentucky,Christian,85.08266021
Kentucky,Clark,87.71933754
Kentucky,Clay,83.14133552
Kentucky,Clinton,85.08773121
Kentucky,Crittenden,84.42477448
Kentucky,Cumberland,85.53126101
Kentucky,Daviess,87.93384465
Kentucky,Edmonson,87.28104019
Kentucky,Elliott,89.44173063
Kentucky,Estill,86.97307014
Kentucky,Fayette,93.60347733
Kentucky,Fleming,84.02678086
Kentucky,Floyd,87.48281409
Kentucky,Franklin,88.53135479
Kentucky,Fulton,82.8713642
Kentucky,Gallatin,87.66879426
Kentucky,Garrard,86.67080162
Kentucky,Grant,87.17770968
Kentucky,Graves,83.49957567
Kentucky,Grayson,82.47379479
Kentucky,Green,81.83632472
Kentucky,Greenup,90.30482306
Kentucky,Hancock,87.20161803
Kentucky,Hardin,87.90207638
Kentucky,Harlan,85.67455538
Kentucky,Harrison,83.99072012
Kentucky,Hart,82.9438935
Kentucky,Henderson,87.29813045
Kentucky,Henry,90.49714117
Kentucky,Hickman,83.49587197
Kentucky,Hopkins,85.41535436
Kentucky,Jackson,83.26734886
Kentucky,Jefferson,93.42353542
Kentucky,Jessamine,89.34148333
Kentucky,Johnson,84.62782677
Kentucky,Kenton,94.35509441
Kentucky,Knott,85.78446014
Kentucky,Knox,83.64289608
Kentucky,Larue,86.36940892
Kentucky,Laurel,84.75057775
Kentucky,Lawrence,84.1462136
Kentucky,Lee,83.9032809
Kentucky,Leslie,84.85485181
Kentucky,Letcher,86.81198019
Kentucky,Lewis,82.60975755
Kentucky,Lincoln,82.20545053
Kentucky,Livingston,85.45701655
Kentucky,Logan,83.04927823
Kentucky,Lyon,85.39133235
Kentucky,McCracken,87.53803701
Kentucky,McCreary,82.80403915
Kentucky,McLean,83.2178586
Kentucky,Madison,88.40895019
Kentucky,Magoffin,84.2870391
Kentucky,Marion,82.79174907
Kentucky,Marshall,85.82422134
Kentucky,Martin,84.27810417
Kentucky,Mason,83.0149975
Kentucky,Meade,87.03298585
Kentucky,Menifee,83.61412935
Kentucky,Mercer,85.38454028
Kentucky,Metcalfe,82.81762223
Kentucky,Monroe,82.17474092
Kentucky,Montgomery,85.12086964
Kentucky,Morgan,84.48446085
Kentucky,Muhlenberg,83.78202741
Kentucky,Nelson,86.84143093
Kentucky,Nicholas,84.34393029
Kentucky,Ohio,81.93280604
Kentucky,Oldham,93.4265348
Kentucky,Owen,83.98857311
Kentucky,Owsley,81.57606394
Kentucky,Pendleton,87.8418966
Kentucky,Perry,85.63658199
Kentucky,Pike,86.40341346
Kentucky,Powell,85.39647423
Kentucky,Pulaski,85.21377962
Kentucky,Robertson,82.84763171
Kentucky,Rockcastle,82.40865844
Kentucky,Rowan,85.15337767
Kentucky,Russell,83.64833925
Kentucky,Scott,91.29680973
Kentucky,Shelby,88.53458106
Kentucky,Simpson,89.76120186
Kentucky,Spencer,88.98951654
Kentucky,Taylor,83.01203726
Kentucky,Todd,82.39468176
Kentucky,Trigg,83.09561712
Kentucky,Trimble,86.61380156
Kentucky,Union,84.49341122
Kentucky,Warren,89.67892778
Kentucky,Washington,85.28296443
Kentucky,Wayne,83.98638283
Kentucky,Webster,84.56072517
Kentucky,Whitley,84.16354279
Kentucky,Wolfe,82.52949906
Kentucky,Woodford,91.138897
Louisiana,Acadia Parish,87.31914133
Louisiana,Allen Parish,86.89953913
Louisiana,Ascension Parish,94.0028481
Louisiana,Assumption Parish,93.5405496
Louisiana,Avoyelles Parish,85.97739622
Louisiana,Beauregard Parish,87.51333765
Louisiana,Bienville Parish,86.44443349
Louisiana,Bossier Parish,91.62913179
Louisiana,Caddo Parish,90.38042778
Louisiana,Calcasieu Parish,90.44316084
Louisiana,Caldwell Parish,87.93344936
Louisiana,Cameron Parish,88.93220371
Louisiana,Catahoula Parish,84.57153056
Louisiana,Claiborne Parish,85.73493205
Louisiana,Concordia Parish,85.21315543
Louisiana,De Soto Parish,86.05081218
Louisiana,East Baton Rouge Parish,94.16330674
Louisiana,East Carroll Parish,85.85803128
Louisiana,East Feliciana Parish,91.98818707
Louisiana,Evangeline Parish,85.93844856
Louisiana,Franklin Parish,85.77145978
Louisiana,Grant Parish,88.78481734
Louisiana,Iberia Parish,88.49329159
Louisiana,Iberville Parish,89.58288057
Louisiana,Jackson Parish,87.1960597
Louisiana,Jefferson Parish,93.62328951
Louisiana,Jefferson Davis Parish,87.77502917
Louisiana,Lafayette Parish,94.06461769
Louisiana,Lafourche Parish,87.58527298
Louisiana,LaSalle Parish,85.95559195
Louisiana,Lincoln Parish,88.9820442
Louisiana,Livingston Parish,91.64119967
Louisiana,Madison Parish,86.70459492
Louisiana,Morehouse Parish,84.64749425
Louisiana,Natchitoches Parish,86.17940392
Louisiana,Orleans Parish,96.2880258
Louisiana,Ouachita Parish,87.30997248
Louisiana,Plaquemines Parish,93.16182059
Louisiana,Pointe Coupee Parish,89.28132408
Louisiana,Rapides Parish,89.42880648
Louisiana,Red River Parish,87.04602077
Louisiana,Richland Parish,84.86150652
Louisiana,Sabine Parish,84.07575382
Louisiana,St. Bernard Parish,90.13485904
Louisiana,St. Charles Parish,94.60880614
Louisiana,St. Helena Parish,90.52340493
Louisiana,St. James Parish,90.09246177
Louisiana,St. John the Baptist Parish,90.43307283
Louisiana,St. Landry Parish,85.00335768
Louisiana,St. Martin Parish,88.13714874
Louisiana,St. Mary Parish,87.01991705
Louisiana,St. Tammany Parish,94.43870068
Louisiana,Tangipahoa Parish,88.783
Louisiana,Tensas Parish,84.2599552
Louisiana,Terrebonne Parish,89.11399436
Louisiana,Union Parish,85.6959571
Louisiana,Vermilion Parish,86.52562534
Louisiana,Vernon Parish,89.62174426
Louisiana,Washington Parish,87.59801405
Louisiana,Webster Parish,85.52119829
Louisiana,West Baton Rouge Parish,91.8079427
Louisiana,West Carroll Parish,83.59453419
Louisiana,West Feliciana Parish,89.43473026
Louisiana,Winn Parish,86.0066651
Maine,Androscoggin,93.801
Maine,Aroostook,88.74645749
Maine,Cumberland,103.8734618
Maine,Franklin,91.23897636
Maine,Hancock,96.13288685
Maine,Kennebec,93.04896555
Maine,Knox,96.63702636
Maine,Lincoln,97.26420605
Maine,Oxford,90.13852764
Maine,Penobscot,96.703
Maine,Piscataquis,91.55254543
Maine,Sagadahoc,101.4772405
Maine,Somerset,88.95453922
Maine,Waldo,95.40342483
Maine,Washington,89.23322357
Maine,York,98.89653369
Maryland,Allegany,92.48863084
Maryland,Anne Arundel,107.8752285
Maryland,Baltimore,102.6292725
Maryland,Calvert,103.8963327
Maryland,Caroline,90.34534054
Maryland,Carroll,101.7193404
Maryland,Cecil,96.16942947
Maryland,Charles,103.5357137
Maryland,Dorchester,89.25538824
Maryland,Frederick,103.2242664
Maryland,Garrett,85.81625912
Maryland,Harford,102.8852331
Maryland,Howard,113.1514833
Maryland,Kent,97.99530209
Maryland,Montgomery,114.3359837
Maryland,Prince George's,106.0053465
Maryland,Queen Anne's,104.6053326
Maryland,St. Mary's,96.456
Maryland,Somerset,87.8819782
Maryland,Talbot,101.3344015
Maryland,Washington,96.09064173
Maryland,Wicomico,91.50548906
Maryland,Worcester,93.08079993
Maryland,Baltimore city,103.0116281
Massachusetts,Barnstable,101.244
Massachusetts,Berkshire,95.911
Massachusetts,Bristol,98.46711603
Massachusetts,Dukes,95.45020665
Massachusetts,Essex,104.4116395
Massachusetts,Franklin,98.22340612
Massachusetts,Hampden,95.9300583
Massachusetts,Hampshire,103.1709898
Massachusetts,Middlesex,112.5304208
Massachusetts,Nantucket,98.95109456
Massachusetts,Norfolk,113.6349388
Massachusetts,Plymouth,106.4235715
Massachusetts,Suffolk,112.2977746
Massachusetts,Worcester,100.6147409
Michigan,Alcona,86.61486608
Michigan,Alger,90.50372028
Michigan,Allegan,91.13494222
Michigan,Alpena,85.56858465
Michigan,Antrim,93.55761315
Michigan,Arenac,85.08295504
Michigan,Baraga,87.86798986
Michigan,Barry,89.35241421
Michigan,Bay,91.39
Michigan,Benzie,90.84357759
Michigan,Berrien,91.882
Michigan,Branch,86.45139015
Michigan,Calhoun,90.336
Michigan,Cass,88.57365437
Michigan,Charlevoix,96.47760505
Michigan,Cheboygan,87.9581688
Michigan,Chippewa,87.7087103
Michigan,Clare,89.24094106
Michigan,Clinton,92.41594947
Michigan,Crawford,86.65542979
Michigan,Delta,87.84103305
Michigan,Dickinson,87.5409938
Michigan,Eaton,92.81757806
Michigan,Emmet,93.12812121
Michigan,Genesee,88.891
Michigan,Gladwin,90.51048329
Michigan,Gogebic,87.71180046
Michigan,Grand Traverse,93.12364392
Michigan,Gratiot,85.2178302
Michigan,Hillsdale,85.27492147
Michigan,Houghton,90.5518323
Michigan,Huron,84.33919676
Michigan,Ingham,95.58201872
Michigan,Ionia,90.82908447
Michigan,Iosco,86.3072334
Michigan,Iron,88.04950927
Michigan,Isabella,88.10402436
Michigan,Jackson,93.524
Michigan,Kalamazoo,92.973
Michigan,Kalkaska,92.25610618
Michigan,Kent,97.39655692
Michigan,Keweenaw,89.09397874
Michigan,Lake,84.89878121
Michigan,Lapeer,92.20836306
Michigan,Leelanau,130.8874383
Michigan,Lenawee,88.61621482
Michigan,Livingston,98.93580017
Michigan,Luce,87.13613854
Michigan,Mackinac,87.64458535
Michigan,Macomb,95.45726376
Michigan,Manistee,88.90959816
Michigan,Marquette,92.37689582
Michigan,Mason,88.56133323
Michigan,Mecosta,87.3809533
Michigan,Menominee,86.98265737
Michigan,Midland,91.39
Michigan,Missaukee,86.62144716
Michigan,Monroe,91.936
Michigan,Montcalm,89.47406637
Michigan,Montmorency,87.4240024
Michigan,Muskegon,91.868
Michigan,Newaygo,86.0416324
Michigan,Oakland,100.513127
Michigan,Oceana,86.89716299
Michigan,Ogemaw,85.84536228
Michigan,Ontonagon,88.71113253
Michigan,Osceola,85.1019213
Michigan,Oscoda,85.4644161
Michigan,Otsego,88.96190725
Michigan,Ottawa,97.01500813
Michigan,Presque Isle,85.12089375
Michigan,Roscommon,86.1760798
Michigan,Saginaw,90.894
Michigan,St. Clair,92.32208619
Michigan,St. Joseph,86.21193518
Michigan,Sanilac,84.61979939
Michigan,Schoolcraft,86.45923643
Michigan,Shiawassee,89.75019014
Michigan,Tuscola,85.58377094
Michigan,Van Buren,87.75023212
Michigan,Washtenaw,99.41
Michigan,Wayne,94.04486224
Michigan,Wexford,87.51274433
Minnesota,Aitkin,90.17698224
Minnesota,Anoka,100.6372264
Minnesota,Becker,88.16817738
Minnesota,Beltrami,87.40779694
Minnesota,Benton,89.7690217
Minnesota,Big Stone,85.21540093
Minnesota,Blue Earth,87.81835829
Minnesota,Brown,86.66512955
Minnesota,Carlton,85.84136627
Minnesota,Carver,108.1361676
Minnesota,Cass,88.76055481
Minnesota,Chippewa,87.69549457
Minnesota,Chisago,101.8916864
Minnesota,Clay,92.33439273
Minnesota,Clearwater,85.69941214
Minnesota,Cook,89.94698621
Minnesota,Cottonwood,83.91461948
Minnesota,Crow Wing,90.84399529
Minnesota,Dakota,103.3569744
Minnesota,Dodge,91.70989197
Minnesota,Douglas,88.04906819
Minnesota,Faribault,86.79311556
Minnesota,Fillmore,89.78987164
Minnesota,Freeborn,87.0669452
Minnesota,Goodhue,90.85707637
Minnesota,Grant,88.53324393
Minnesota,Hennepin,106.2335239
Minnesota,Houston,91.9576522
Minnesota,Hubbard,86.64840814
Minnesota,Isanti,97.1774598
Minnesota,Itasca,88.06429222
Minnesota,Jackson,83.06047286
Minnesota,Kanabec,87.44819066
Minnesota,Kandiyohi,88.79821956
Minnesota,Kittson,86.90478878
Minnesota,Koochiching,85.50345073
Minnesota,Lac qui Parle,85.41841475
Minnesota,Lake,89.11878448
Minnesota,Lake of the Woods,85.50140213
Minnesota,Le Sueur,98.52478577
Minnesota,Lincoln,85.20225732
Minnesota,Lyon,86.23040999
Minnesota,McLeod,88.13565747
Minnesota,Mahnomen,86.7505961
Minnesota,Marshall,87.85196509
Minnesota,Martin,87.99213598
Minnesota,Meeker,86.61355209
Minnesota,Mille Lacs,90.99907543
Minnesota,Morrison,87.29210633
Minnesota,Mower,87.53613214
Minnesota,Murray,83.33043981
Minnesota,Nicollet,89.37434835
Minnesota,Nobles,84.72701404
Minnesota,Norman,87.13472696
Minnesota,Olmsted,93.24161924
Minnesota,Otter Tail,85.28708116
Minnesota,Pennington,86.68312328
Minnesota,Pine,85.70331904
Minnesota,Pipestone,85.77415868
Minnesota,Polk,86.62412971
Minnesota,Pope,88.05117632
Minnesota,Ramsey,102.8075387
Minnesota,Red Lake,84.78535305
Minnesota,Redwood,86.01052383
Minnesota,Renville,87.30398017
Minnesota,Rice,93.76524028
Minnesota,Rock,87.07541112
Minnesota,Roseau,83.93145756
Minnesota,St. Louis,89.8823595
Minnesota,Scott,101.0117259
Minnesota,Sherburne,98.26302213
Minnesota,Sibley,87.88754704
Minnesota,Stearns,86.86649154
Minnesota,Steele,91.97336938
Minnesota,Stevens,88.69995002
Minnesota,Swift,86.50259446
Minnesota,Todd,87.53907905
Minnesota,Traverse,86.90018267
Minnesota,Wabasha,84.59939034
Minnesota,Wadena,84.48233022
Minnesota,Waseca,90.06758416
Minnesota,Washington,105.2350701
Minnesota,Watonwan,86.17342198
Minnesota,Wilkin,84.99233208
Minnesota,Winona,88.88946388
Minnesota,Wright,99.73983851
Minnesota,Yellow Medicine,85.13632049
Mississippi,Adams,81.38516313
Mississippi,Alcorn,82.40444042
Mississippi,Amite,81.60512223
Mississippi,Attala,80.12837672
Mississippi,Benton,79.9108979
Mississippi,Bolivar,83.79418842
Mississippi,Calhoun,80.84774946
Mississippi,Carroll,83.03353169
Mississippi,Chickasaw,81.33967762
Mississippi,Choctaw,84.55900337
Mississippi,Claiborne,83.32417141
Mississippi,Clarke,83.75191747
Mississippi,Clay,85.18498802
Mississippi,Coahoma,82.44560445
Mississippi,Copiah,83.48133095
Mississippi,Covington,84.20665109
Mississippi,DeSoto,90.3744866
Mississippi,Forrest,87.04419086
Mississippi,Franklin,81.94406245
Mississippi,George,80.96401431
Mississippi,Greene,80.9617825
Mississippi,Grenada,82.41513071
Mississippi,Hancock,88.62605358
Mississippi,Harrison,88.74572594
Mississippi,Hinds,89.66580918
Mississippi,Holmes,82.48693332
Mississippi,Humphreys,82.68490011
Mississippi,Issaquena,82.58130607
Mississippi,Itawamba,81.64616394
Mississippi,Jackson,89.63500029
Mississippi,Jasper,81.84144576
Mississippi,Jefferson,79.68549588
Mississippi,Jefferson Davis,82.86531133
Mississippi,Jones,82.36901581
Mississippi,Kemper,79.08113517
Mississippi,Lafayette,91.5484243
Mississippi,Lamar,91.78198615
Mississippi,Lauderdale,84.42831808
Mississippi,Lawrence,82.08238642
Mississippi,Leake,79.53038582
Mississippi,Lee,84.70517294
Mississippi,Leflore,83.59309318
Mississippi,Lincoln,82.05400202
Mississippi,Lowndes,85.39966797
Mississippi,Madison,89.78523035
Mississippi,Marion,81.62929969
Mississippi,Marshall,84.72107027
Mississippi,Monroe,80.85208542
Mississippi,Montgomery,82.11581164
Mississippi,Neshoba,80.17408693
Mississippi,Newton,80.60206914
Mississippi,Noxubee,83.83863662
Mississippi,Oktibbeha,86.26707601
Mississippi,Panola,83.95514614
Mississippi,Pearl River,84.52424088
Mississippi,Perry,84.02661385
Mississippi,Pike,82.32374412
Mississippi,Pontotoc,81.95140184
Mississippi,Prentiss,79.53296093
Mississippi,Quitman,82.46446808
Mississippi,Rankin,89.72202357
Mississippi,Scott,80.05869649
Mississippi,Sharkey,81.37914255
Mississippi,Simpson,83.62858177
Mississippi,Smith,80.99700109
Mississippi,Stone,86.6903798
Mississippi,Sunflower,83.20181904
Mississippi,Tallahatchie,82.47508229
Mississippi,Tate,84.32336856
Mississippi,Tippah,80.14900469
Mississippi,Tishomingo,79.08755038
Mississippi,Tunica,83.98104831
Mississippi,Union,81.5137533
Mississippi,Walthall,82.30244206
Mississippi,Warren,85.61757358
Mississippi,Washington,84.22075107
Mississippi,Wayne,82.28626546
Mississippi,Webster,84.42201847
Mississippi,Wilkinson,79.92098879
Mississippi,Winston,80.00409763
Mississippi,Yalobusha,82.26069159
Mississippi,Yazoo,84.4953618
Missouri,Adair,85.32434977
Missouri,Andrew,89.09524039
Missouri,Atchison,84.59242407
Missouri,Audrain,83.5735345
Missouri,Barry,83.05809015
Missouri,Barton,84.39587366
Missouri,Bates,87.1697861
Missouri,Benton,84.31695201
Missouri,Bollinger,86.92395195
Missouri,Boone,90.0317945
Missouri,Buchanan,88.52156006
Missouri,Butler,81.89755373
Missouri,Caldwell,88.02022241
Missouri,Callaway,85.6962628
Missouri,Camden,87.41647761
Missouri,Cape Girardeau,88.99465396
Missouri,Carroll,83.23791344
Missouri,Carter,81.1985193
Missouri,Cass,91.12258106
Missouri,Cedar,84.08604642
Missouri,Chariton,81.86574241
Missouri,Christian,89.66827881
Missouri,Clark,85.21098693
Missouri,Clay,92.53220204
Missouri,Clinton,88.77933816
Missouri,Cole,89.34757795
Missouri,Cooper,87.9024956
Missouri,Crawford,84.55738682
Missouri,Dade,82.71119805
Missouri,Dallas,85.34299335
Missouri,Daviess,87.38644925
Missouri,DeKalb,90.89514744
Missouri,Dent,83.37376532
Missouri,Douglas,82.79983879
Missouri,Dunklin,80.66621102
Missouri,Franklin,91.17267391
Missouri,Gasconade,85.11979842
Missouri,Gentry,85.15583301
Missouri,Greene,89.94647378
Missouri,Grundy,86.86423653
Missouri,Harrison,84.16366507
Missouri,Henry,83.43818049
Missouri,Hickory,84.45269118
Missouri,Holt,85.22000561
Missouri,Howard,82.92567408
Missouri,Howell,82.90723655
Missouri,Iron,83.71811902
Missouri,Jackson,92.07621968
Missouri,Jasper,88.25349707
Missouri,Jefferson,92.78818633
Missouri,Johnson,87.62972642
Missouri,Knox,84.1116037
Missouri,Laclede,83.76407622
Missouri,Lafayette,88.25289358
Missouri,Lawrence,83.26111453
Missouri,Lewis,86.27422467
Missouri,Lincoln,90.3029814
Missouri,Linn,84.18495298
Missouri,Livingston,83.31471041
Missouri,McDonald,85.323173
Missouri,Macon,83.11550183
Missouri,Madison,84.01279055
Missouri,Maries,82.63687452
Missouri,Marion,84.43482627
Missouri,Mercer,86.55882829
Missouri,Miller,90.58970696
Missouri,Mississippi,84.61407526
Missouri,Moniteau,89.23095889
Missouri,Monroe,83.08692203
Missouri,Montgomery,83.84749319
Missouri,Morgan,81.92014708
Missouri,New Madrid,84.63175192
Missouri,Newton,87.41370694
Missouri,Nodaway,86.20880707
Missouri,Oregon,83.76852749
Missouri,Osage,88.28488663
Missouri,Ozark,86.69078732
Missouri,Pemiscot,80.9448587
Missouri,Perry,85.09177626
Missouri,Pettis,84.14567771
Missouri,Phelps,84.45271637
Missouri,Pike,83.90467982
Missouri,Platte,96.65477748
Missouri,Polk,86.30065494
Missouri,Pulaski,87.68598213
Missouri,Putnam,84.3031079
Missouri,Ralls,84.18859022
Missouri,Randolph,83.01238687
Missouri,Ray,85.00607448
Missouri,Reynolds,82.95121551
Missouri,Ripley,80.51079126
Missouri,St. Charles,98.07953302
Missouri,St. Clair,82.7735127
Missouri,Ste. Genevieve,85.28941011
Missouri,St. Francois,84.3452007
Missouri,St. Louis,100.306367
Missouri,Saline,84.0172272
Missouri,Schuyler,83.62645238
Missouri,Scotland,84.23554598
Missouri,Scott,84.82779901
Missouri,Shannon,82.58268806
Missouri,Shelby,82.03505432
Missouri,Stoddard,81.91519784
Missouri,Stone,86.72433048
Missouri,Sullivan,84.52936056
Missouri,Taney,88.28049891
Missouri,Texas,82.05886373
Missouri,Vernon,84.76602955
Missouri,Warren,91.05222343
Missouri,Washington,80.79919181
Missouri,Wayne,81.07978184
Missouri,Webster,85.25731219
Missouri,Worth,85.32566469
Missouri,Wright,81.7696125
Missouri,St. Louis city,97.98382979
Montana,Beaverhead,87.2175693
Montana,Big Horn,85.91647551
Montana,Blaine,84.70827626
Montana,Broadwater,87.22739895
Montana,Carbon,90.43221905
Montana,Carter,87.80454712
Montana,Cascade,86.885
Montana,Chouteau,83.1024115
Montana,Custer,90.3087138
Montana,Daniels,85.5367137
Montana,Dawson,87.63167766
Montana,Deer Lodge,86.18365971
Montana,Fallon,88.06098392
Montana,Fergus,87.96909671
Montana,Flathead,92.26324348
Montana,Gallatin,97.93158145
Montana,Garfield,86.19970265
Montana,Glacier,86.39909219
Montana,Golden Valley,86.94748887
Montana,Granite,92.16620047
Montana,Hill,85.18134769
Montana,Jefferson,89.70371795
Montana,Judith Basin,85.19333807
Montana,Lake,89.43615581
Montana,Lewis and Clark,89.17742348
Montana,Liberty,84.66334892
Montana,Lincoln,89.29905807
Montana,McCone,84.51220045
Montana,Madison,93.25789363
Montana,Meagher,89.52842402
Montana,Mineral,87.92906679
Montana,Missoula,94.627
Montana,Musselshell,88.45093075
Montana,Park,94.10863792
Montana,Petroleum,86.38589468
Montana,Phillips,84.96908824
Montana,Pondera,86.56648372
Montana,Powder River,89.12834278
Montana,Powell,88.48759856
Montana,Prairie,86.7415454
Montana,Ravalli,95.75690496
Montana,Richland,89.8576217
Montana,Roosevelt,85.77572464
Montana,Rosebud,87.47021769
Montana,Sanders,88.11688731
Montana,Sheridan,88.62664103
Montana,Silver Bow,88.36889667
Montana,Stillwater,90.28571764
Montana,Sweet Grass,91.3600284
Montana,Teton,87.77463235
Montana,Toole,86.71511456
Montana,Treasure,88.75872665
Montana,Valley,87.01465648
Montana,Wheatland,85.87163279
Montana,Wibaux,90.2194746
Montana,Yellowstone,92.60101279
Nebraska,Adams,86.84018019
Nebraska,Antelope,87.4226042
Nebraska,Arthur,86.43593165
Nebraska,Banner,88.24085877
Nebraska,Blaine,86.68411951
Nebraska,Boone,87.3259931
Nebraska,Box Butte,86.88355187
Nebraska,Boyd,88.02899658
Nebraska,Brown,87.63100661
Nebraska,Buffalo,92.62931353
Nebraska,Burt,87.69434645
Nebraska,Butler,87.9586169
Nebraska,Cass,94.27410946
Nebraska,Cedar,87.88961203
Nebraska,Chase,86.70900456
Nebraska,Cherry,87.13386004
Nebraska,Cheyenne,86.7003629
Nebraska,Clay,84.8168105
Nebraska,Colfax,87.95243633
Nebraska,Cuming,86.51517347
Nebraska,Custer,85.94347814
Nebraska,Dakota,87.41363912
Nebraska,Dawes,87.67947118
Nebraska,Dawson,86.37162114
Nebraska,Deuel,85.43001996
Nebraska,Dixon,84.62692297
Nebraska,Dodge,88.05588849
Nebraska,Douglas,94.86817695
Nebraska,Dundy,85.82563417
Nebraska,Fillmore,84.2937494
Nebraska,Franklin,83.88130913
Nebraska,Frontier,84.43428941
Nebraska,Furnas,85.59802326
Nebraska,Gage,85.88129966
Nebraska,Garden,85.03044683
Nebraska,Garfield,86.44640451
Nebraska,Gosper,86.12907435
Nebraska,Grant,87.37439301
Nebraska,Greeley,85.83105578
Nebraska,Hall,89.37032283
Nebraska,Hamilton,87.21934253
Nebraska,Harlan,89.74591875
Nebraska,Hayes,85.28488661
Nebraska,Hitchcock,86.35615926
Nebraska,Holt,88.19671301
Nebraska,Hooker,85.75648091
Nebraska,Howard,87.74681117
Nebraska,Jefferson,85.80716005
Nebraska,Johnson,86.39102956
Nebraska,Kearney,90.52615758
Nebraska,Keith,86.5076915
Nebraska,Keya Paha,89.35289378
Nebraska,Kimball,88.14971719
Nebraska,Knox,87.44342596
Nebraska,Lancaster,93.33694875
Nebraska,Lincoln,88.165214
Nebraska,Logan,86.01199333
Nebraska,Loup,85.31640178
Nebraska,McPherson,84.77319415
Nebraska,Madison,89.25780382
Nebraska,Merrick,88.30670417
Nebraska,Morrill,86.70015389
Nebraska,Nance,86.61276853
Nebraska,Nemaha,92.4697579
Nebraska,Nuckolls,84.49576752
Nebraska,Otoe,93.92160631
Nebraska,Pawnee,84.67315225
Nebraska,Perkins,87.44323765
Nebraska,Phelps,90.71558861
Nebraska,Pierce,88.12992219
Nebraska,Platte,89.55433703
Nebraska,Polk,86.78455754
Nebraska,Red Willow,85.05805633
Nebraska,Richardson,85.83889881
Nebraska,Rock,85.60943263
Nebraska,Saline,92.31814446
Nebraska,Sarpy,94.14785376
Nebraska,Saunders,90.85025569
Nebraska,Scotts Bluff,88.20198901
Nebraska,Seward,91.54112019
Nebraska,Sheridan,86.6688353
Nebraska,Sherman,90.14464048
Nebraska,Sioux,87.48427851
Nebraska,Stanton,88.24103231
Nebraska,Thayer,85.33901169
Nebraska,Thomas,85.74151511
Nebraska,Thurston,83.4965384
Nebraska,Valley,85.538367
Nebraska,Washington,88.5156661
Nebraska,Wayne,88.91078736
Nebraska,Webster,85.63205903
Nebraska,Wheeler,86.33280639
Nebraska,York,87.66222813
Nevada,Churchill,91.3783375
Nevada,Clark,95.41
Nevada,Douglas,98.07541487
Nevada,Elko,93.25251548
Nevada,Esmeralda,90.25725101
Nevada,Eureka,84.90386412
Nevada,Humboldt,91.03332939
Nevada,Lander,89.1645051
Nevada,Lincoln,86.64825147
Nevada,Lyon,91.831362
Nevada,Mineral,86.53559451
Nevada,Nye,88.28821934
Nevada,Pershing,87.40678254
Nevada,Storey,91.82874548
Nevada,Washoe,97.25842106
Nevada,White Pine,90.47900045
Nevada,Carson City,94.066
New Hampshire,Belknap,99.07417794
New Hampshire,Carroll,100.164033
New Hampshire,Cheshire,97.6039552
New Hampshire,Coos,93.25065015
New Hampshire,Grafton,99.32281589
New Hampshire,Hillsborough,102.083
New Hampshire,Merrimack,99.81558173
New Hampshire,Rockingham,104.3791148
New Hampshire,Strafford,98.69715477
New Hampshire,Sullivan,95.15024509
New Jersey,Atlantic,96.964
New Jersey,Bergen,113.7398688
New Jersey,Burlington,100.7056122
New Jersey,Camden,96.83824021
New Jersey,Cape May,94.225
New Jersey,Cumberland,96.516
New Jersey,Essex,107.6597549
New Jersey,Gloucester,96.85233727
New Jersey,Hudson,106.5528218
New Jersey,Hunterdon,109.9099461
New Jersey,Mercer,101.892
New Jersey,Middlesex,108.8131701
New Jersey,Monmouth,112.1439875
New Jersey,Morris,115.5655443
New Jersey,Ocean,107.4865802
New Jersey,Passaic,105.8284027
New Jersey,Salem,95.61815237
New Jersey,Somerset,112.6079784
New Jersey,Sussex,107.8892344
New Jersey,Union,107.235703
New Jersey,Warren,98.13589893
New Mexico,Bernalillo,92.47626603
New Mexico,Catron,86.01767419
New Mexico,Chaves,84.57358126
New Mexico,Cibola,81.94889073
New Mexico,Colfax,89.43533111
New Mexico,Curry,86.20524207
New Mexico,De Baca,84.10571023
New Mexico,Doa Ana,86.05
New Mexico,Eddy,87.15970028
New Mexico,Grant,85.60661552
New Mexico,Guadalupe,80.71177111
New Mexico,Harding,85.64950933
New Mexico,Hidalgo,85.18660877
New Mexico,Lea,86.47661092
New Mexico,Lincoln,86.60807978
New Mexico,Los Alamos,94.88861198
New Mexico,Luna,80.69694006
New Mexico,McKinley,84.77175072
New Mexico,Mora,82.37891753
New Mexico,Otero,86.23631799
New Mexico,Quay,83.43881291
New Mexico,Rio Arriba,81.89483831
New Mexico,Roosevelt,85.83112619
New Mexico,Sandoval,93.21807628
New Mexico,San Juan,89.295
New Mexico,San Miguel,84.28764544
New Mexico,Santa Fe,93.323
New Mexico,Sierra,85.31922353
New Mexico,Socorro,83.86259312
New Mexico,Taos,92.58756308
New Mexico,Torrance,88.29915481
New Mexico,Union,79.92615015
New Mexico,Valencia,88.44525497
New York,Albany,99.39765184
New York,Allegany,90.76338516
New York,Bronx,108.6906869
New York,Broome,94.52793888
New York,Cattaraugus,89.15512107
New York,Cayuga,92.75743424
New York,Chautauqua,90.4476372
New York,Chemung,94.725
New York,Chenango,88.86263321
New York,Clinton,94.07997811
New York,Columbia,96.79227227
New York,Cortland,92.81982247
New York,Delaware,93.94482319
New York,Dutchess,110.9495228
New York,Erie,95.57527124
New York,Essex,95.49273151
New York,Franklin,90.69955806
New York,Fulton,90.294816
New York,Genesee,91.26028628
New York,Greene,96.81743345
New York,Hamilton,93.16811544
New York,Herkimer,90.32915525
New York,Jefferson,93.76
New York,Kings,115.9011736
New York,Lewis,88.72194655
New York,Livingston,94.21882621
New York,Madison,93.59519652
New York,Monroe,98.44963164
New York,Montgomery,91.15170016
New York,Nassau,120.5682326
New York,New York,132.6051972
New York,Niagara,92.06757896
New York,Oneida,93.07501377
New York,Onondaga,97.48021254
New York,Ontario,98.80006311
New York,Orange,109.9253079
New York,Orleans,92.22362588
New York,Oswego,93.27725376
New York,Otsego,93.17022034
New York,Putnam,116.974197
New York,Queens,115.3532786
New York,Rensselaer,97.76812795
New York,Richmond,112.5720209
New York,Rockland,111.0769424
New York,St. Lawrence,91.070693
New York,Saratoga,102.2566338
New York,Schenectady,96.53660928
New York,Schoharie,91.42196098
New York,Schuyler,91.84041705
New York,Seneca,91.09703587
New York,Steuben,91.68433184
New York,Suffolk,118.057552
New York,Sullivan,93.61840992
New York,Tioga,93.91620726
New York,Tompkins,102.345
New York,Ulster,100.04
New York,Warren,95.75359324
New York,Washington,95.25500062
New York,Wayne,94.01680229
New York,Westchester,116.6765736
New York,Wyoming,91.10922767
New York,Yates,94.96406603
North Carolina,Alamance,89.433
North Carolina,Alexander,87.67943043
North Carolina,Alleghany,83.65469022
North Carolina,Anson,88.12509235
North Carolina,Ashe,84.38388708
North Carolina,Avery,94.57332438
North Carolina,Beaufort,87.73652565
North Carolina,Bertie,85.50478328
North Carolina,Bladen,86.80377014
North Carolina,Brunswick,97.94435394
North Carolina,Buncombe,97.73422327
North Carolina,Burke,87.67038076
North Carolina,Cabarrus,95.39480608
North Carolina,Caldwell,86.70711828
North Carolina,Camden,94.55130946
North Carolina,Carteret,95.57621231
North Carolina,Caswell,86.05421192
North Carolina,Catawba,91.38523431
North Carolina,Chatham,93.51812181
North Carolina,Cherokee,85.62111222
North Carolina,Chowan,87.97127455
North Carolina,Clay,88.06126945
North Carolina,Cleveland,85.34775014
North Carolina,Columbus,84.24999999
North Carolina,Craven,91.57178065
North Carolina,Cumberland,92.26554839
North Carolina,Currituck,100.2293409
North Carolina,Dare,99.82012369
North Carolina,Davidson,88.2105389
North Carolina,Davie,88.46286476
North Carolina,Duplin,84.85682302
North Carolina,Durham,96.59985824
North Carolina,Edgecombe,85.81314722
North Carolina,Forsyth,94.2852534
North Carolina,Franklin,87.4142019
North Carolina,Gaston,90.78481088
North Carolina,Gates,90.40856299
North Carolina,Graham,83.64146312
North Carolina,Granville,88.28046083
North Carolina,Greene,87.18013714
North Carolina,Guilford,94.81736447
North Carolina,Halifax,85.33305316
North Carolina,Harnett,90.91139742
North Carolina,Haywood,89.2153884
North Carolina,Henderson,91.83494519
North Carolina,Hertford,85.86535085
North Carolina,Hoke,89.34830875
North Carolina,Hyde,99.76526852
North Carolina,Iredell,94.94065826
North Carolina,Jackson,87.19746699
North Carolina,Johnston,90.30918176
North Carolina,Jones,88.33409057
North Carolina,Lee,89.58962907
North Carolina,Lenoir,86.84340646
North Carolina,Lincoln,91.39719951
North Carolina,McDowell,84.25436037
North Carolina,Macon,86.14752972
North Carolina,Madison,87.44565401
North Carolina,Martin,84.57251488
North Carolina,Mecklenburg,101.6254752
North Carolina,Mitchell,84.20375515
North Carolina,Montgomery,82.82732905
North Carolina,Moore,97.50999163
North Carolina,Nash,88.60336897
North Carolina,New Hanover,98.51359322
North Carolina,Northampton,85.26669165
North Carolina,Onslow,89.549
North Carolina,Orange,101.8947068
North Carolina,Pamlico,89.76349548
North Carolina,Pasquotank,89.39044378
North Carolina,Pender,94.38388124
North Carolina,Perquimans,88.47943481
North Carolina,Person,85.5321087
North Carolina,Pitt,89.54
North Carolina,Polk,92.59157086
North Carolina,Randolph,88.735161
North Carolina,Richmond,85.72266197
North Carolina,Robeson,84.17482203
North Carolina,Rockingham,86.99005834
North Carolina,Rowan,90.4791439
North Carolina,Rutherford,85.0130525
North Carolina,Sampson,84.42295993
North Carolina,Scotland,85.16377919
North Carolina,Stanly,87.06043015
North Carolina,Stokes,88.25033777
North Carolina,Surry,85.16101994
North Carolina,Swain,86.66355669
North Carolina,Transylvania,90.25934308
North Carolina,Tyrrell,87.54635391
North Carolina,Union,97.40859614
North Carolina,Vance,85.68304482
North Carolina,Wake,99.66288191
North Carolina,Warren,84.45532433
North Carolina,Washington,84.15585756
North Carolina,Watauga,96.88699278
North Carolina,Wayne,90.018
North Carolina,Wilkes,86.10832299
North Carolina,Wilson,88.50556059
North Carolina,Yadkin,87.38712581
North Carolina,Yancey,88.50386703
North Dakota,Adams,86.76885056
North Dakota,Barnes,86.44359221
North Dakota,Benson,83.6168446
North Dakota,Billings,88.15533567
North Dakota,Bottineau,88.62252124
North Dakota,Bowman,88.4127796
North Dakota,Burke,88.58958201
North Dakota,Burleigh,95.11815772
North Dakota,Cass,92.65610801
North Dakota,Cavalier,88.36049088
North Dakota,Dickey,86.99687835
North Dakota,Divide,90.98869223
North Dakota,Dunn,89.84162834
North Dakota,Eddy,84.90997556
North Dakota,Emmons,87.35435472
North Dakota,Foster,85.71548935
North Dakota,Golden Valley,88.68608536
North Dakota,Grand Forks,91.37493311
North Dakota,Grant,85.52240145
North Dakota,Griggs,84.83596898
North Dakota,Hettinger,88.47624488
North Dakota,Kidder,88.10234462
North Dakota,LaMoure,85.21611361
North Dakota,Logan,87.08397419
North Dakota,McHenry,88.98198163
North Dakota,McIntosh,84.88911451
North Dakota,McKenzie,92.89138801
North Dakota,McLean,86.07717721
North Dakota,Mercer,87.39763633
North Dakota,Morton,91.61774713
North Dakota,Mountrail,88.04091762
North Dakota,Nelson,87.93006012
North Dakota,Oliver,87.9932888
North Dakota,Pembina,89.06657718
North Dakota,Pierce,87.16819005
North Dakota,Ramsey,88.49110427
North Dakota,Ransom,90.0830426
North Dakota,Renville,87.85890492
North Dakota,Richland,90.19847782
North Dakota,Rolette,85.73918732
North Dakota,Sargent,90.22300489
North Dakota,Sheridan,86.91253161
North Dakota,Sioux,86.20298217
North Dakota,Slope,89.58975145
North Dakota,Stark,90.89407542
North Dakota,Steele,86.82356969
North Dakota,Stutsman,88.32444419
North Dakota,Towner,87.90989165
North Dakota,Traill,88.18203281
North Dakota,Walsh,88.28868386
North Dakota,Ward,90.39705156
North Dakota,Wells,87.95949444
North Dakota,Williams,91.99087546
Ohio,Adams,82.87501091
Ohio,Allen,88.671
Ohio,Ashland,89.77316868
Ohio,Ashtabula,89.80928408
Ohio,Athens,90.21090512
Ohio,Auglaize,89.20333482
Ohio,Belmont,89.13837723
Ohio,Brown,88.73589139
Ohio,Butler,93.19333469
Ohio,Carroll,92.29952566
Ohio,Champaign,87.08568828
Ohio,Clark,86.753
Ohio,Clermont,92.70728005
Ohio,Clinton,87.50357663
Ohio,Columbiana,88.87876655
Ohio,Coshocton,87.8763646
Ohio,Crawford,86.40811633
Ohio,Cuyahoga,94.92335406
Ohio,Darke,85.983801
Ohio,Defiance,85.98519701
Ohio,Delaware,99.53861675
Ohio,Erie,89.92884849
Ohio,Fairfield,91.88087037
Ohio,Fayette,87.07935726
Ohio,Franklin,95.87395627
Ohio,Fulton,87.61149078
Ohio,Gallia,86.27240088
Ohio,Geauga,94.76253927
Ohio,Greene,93.55953804
Ohio,Guernsey,87.64855075
Ohio,Hamilton,94.51281149
Ohio,Hancock,89.02961461
Ohio,Hardin,83.63035862
Ohio,Harrison,87.27565591
Ohio,Henry,85.7273873
Ohio,Highland,85.14192198
Ohio,Hocking,87.41376069
Ohio,Holmes,87.01227075
Ohio,Huron,87.64316766
Ohio,Jackson,85.76278761
Ohio,Jefferson,87.87041437
Ohio,Knox,88.91587516
Ohio,Lake,93.77150691
Ohio,Lawrence,87.2753299
Ohio,Licking,91.44275319
Ohio,Logan,87.76984948
Ohio,Lorain,89.55138492
Ohio,Lucas,89.78803595
Ohio,Madison,89.64933643
Ohio,Mahoning,87.7791634
Ohio,Marion,86.68432579
Ohio,Medina,94.38986473
Ohio,Meigs,87.6399478
Ohio,Mercer,84.2983258
Ohio,Miami,90.90068258
Ohio,Monroe,86.31654645
Ohio,Montgomery,92.10166895
Ohio,Morgan,85.27756716
Ohio,Morrow,88.86703681
Ohio,Muskingum,87.44662452
Ohio,Noble,86.2943551
Ohio,Ottawa,91.44283057
Ohio,Paulding,85.12934337
Ohio,Perry,85.77470052
Ohio,Pickaway,88.95402969
Ohio,Pike,85.51326529
Ohio,Portage,92.83543999
Ohio,Preble,84.86315219
Ohio,Putnam,85.62913907
Ohio,Richland,88.2
Ohio,Ross,88.01113629
Ohio,Sandusky,87.24004154
Ohio,Scioto,86.30098906
Ohio,Seneca,86.30510835
Ohio,Shelby,87.3749985
Ohio,Stark,89.4654165
Ohio,Summit,93.63398432
Ohio,Trumbull,86.34861914
Ohio,Tuscarawas,90.72673526
Ohio,Union,92.95259168
Ohio,Van Wert,83.03330347
Ohio,Vinton,84.54739267
Ohio,Warren,97.39433178
Ohio,Washington,88.25685061
Ohio,Wayne,93.3710544
Ohio,Williams,84.52561123
Ohio,Wood,91.82904304
Ohio,Wyandot,86.43818393
Oklahoma,Adair,85.19631511
Oklahoma,Alfalfa,85.568401
Oklahoma,Atoka,83.93966219
Oklahoma,Beaver,82.79605805
Oklahoma,Beckham,85.81457615
Oklahoma,Blaine,85.59366488
Oklahoma,Bryan,85.23108316
Oklahoma,Caddo,81.85095881
Oklahoma,Canadian,93.76278687
Oklahoma,Carter,86.865567
Oklahoma,Cherokee,86.75780425
Oklahoma,Choctaw,83.71692698
Oklahoma,Cimarron,81.66936554
Oklahoma,Cleveland,93.34258412
Oklahoma,Coal,83.6991586
Oklahoma,Comanche,87.08119525
Oklahoma,Cotton,85.95387908
Oklahoma,Craig,86.29393443
Oklahoma,Creek,87.82568036
Oklahoma,Custer,86.8877622
Oklahoma,Delaware,86.1336015
Oklahoma,Dewey,86.41831053
Oklahoma,Ellis,85.3921255
Oklahoma,Garfield,86.927
Oklahoma,Garvin,83.89181034
Oklahoma,Grady,88.5569673
Oklahoma,Grant,85.79883738
Oklahoma,Greer,84.53461998
Oklahoma,Harmon,84.78073107
Oklahoma,Harper,85.95101877
Oklahoma,Haskell,83.47442693
Oklahoma,Hughes,82.53184099
Oklahoma,Jackson,85.15536743
Oklahoma,Jefferson,84.05353963
Oklahoma,Johnston,84.3467063
Oklahoma,Kay,85.01940761
Oklahoma,Kingfisher,85.5838321
Oklahoma,Kiowa,83.63758178
Oklahoma,Latimer,84.60294433
Oklahoma,Le Flore,84.07768968
Oklahoma,Lincoln,87.04147892
Oklahoma,Logan,88.08126925
Oklahoma,Love,86.56516076
Oklahoma,McClain,88.405791
Oklahoma,McCurtain,83.83674607
Oklahoma,McIntosh,85.67053079
Oklahoma,Major,85.61419932
Oklahoma,Marshall,84.64719466
Oklahoma,Mayes,84.57859518
Oklahoma,Murray,84.63572981
Oklahoma,Muskogee,85.53597674
Oklahoma,Noble,85.82698693
Oklahoma,Nowata,86.99333445
Oklahoma,Okfuskee,82.55544315
Oklahoma,Oklahoma,92.87859749
Oklahoma,Okmulgee,85.79853077
Oklahoma,Osage,87.77303409
Oklahoma,Ottawa,82.8265321
Oklahoma,Pawnee,88.11875849
Oklahoma,Payne,87.2271292
Oklahoma,Pittsburg,85.64128343
Oklahoma,Pontotoc,84.36374564
Oklahoma,Pottawatomie,86.72423457
Oklahoma,Pushmataha,83.70558038
Oklahoma,Roger Mills,85.52328546
Oklahoma,Rogers,91.19812915
Oklahoma,Seminole,82.83361383
Oklahoma,Sequoyah,89.23801809
Oklahoma,Stephens,85.54438783
Oklahoma,Texas,83.82808853
Oklahoma,Tillman,84.09174092
Oklahoma,Tulsa,93.17329953
Oklahoma,Wagoner,89.19408418
Oklahoma,Washington,87.07016932
Oklahoma,Washita,85.7372618
Oklahoma,Woods,85.84932019
Oklahoma,Woodward,86.48943831
Oregon,Baker,93.28121314
Oregon,Benton,101.892
Oregon,Clackamas,105.2495559
Oregon,Clatsop,99.67277272
Oregon,Columbia,99.58873092
Oregon,Coos,96.36266172
Oregon,Crook,122.5899589
Oregon,Curry,98.81125039
Oregon,Deschutes,102.824
Oregon,Douglas,96.20313435
Oregon,Gilliam,97.6288379
Oregon,Grant,93.17242191
Oregon,Harney,109.5558801
Oregon,Hood River,104.1752127
Oregon,Jackson,102.192
Oregon,Jefferson,96.85201635
Oregon,Josephine,98.786
Oregon,Klamath,95.88282917
Oregon,Lake,93.42662956
Oregon,Lane,100.741
Oregon,Lincoln,100.5603679
Oregon,Linn,101.892
Oregon,Malheur,89.67675347
Oregon,Marion,101.4275176
Oregon,Morrow,92.15837822
Oregon,Multnomah,106.4348186
Oregon,Polk,103.94776
Oregon,Sherman,96.34537328
Oregon,Tillamook,98.86581189
Oregon,Umatilla,93.68964563
Oregon,Union,95.51617961
Oregon,Wallowa,93.81743881
Oregon,Wasco,97.64770796
Oregon,Washington,107.3382842
Oregon,Wheeler,110.0537613
Oregon,Yamhill,101.3459839
Pennsylvania,Adams,95.346
Pennsylvania,Allegheny,97.60998917
Pennsylvania,Armstrong,87.69386874
Pennsylvania,Beaver,91.63556198
Pennsylvania,Bedford,89.97324224
Pennsylvania,Berks,96.048
Pennsylvania,Blair,89.177
Pennsylvania,Bradford,88.97092338
Pennsylvania,Bucks,100.677567
Pennsylvania,Butler,93.78628992
Pennsylvania,Cambria,86.082
Pennsylvania,Cameron,87.65367114
Pennsylvania,Carbon,91.43103205
Pennsylvania,Centre,95.51
Pennsylvania,Chester,103.1250899
Pennsylvania,Clarion,87.73128738
Pennsylvania,Clearfield,88.95511091
Pennsylvania,Clinton,88.20638303
Pennsylvania,Columbia,89.5057033
Pennsylvania,Crawford,89.02077966
Pennsylvania,Cumberland,99.14147699
Pennsylvania,Dauphin,96.50610952
Pennsylvania,Delaware,98.89211458
Pennsylvania,Elk,87.58118761
Pennsylvania,Erie,91.854
Pennsylvania,Fayette,88.2831753
Pennsylvania,Forest,85.89530095
Pennsylvania,Franklin,94.904
Pennsylvania,Fulton,89.41895577
Pennsylvania,Greene,88.9277728
Pennsylvania,Huntingdon,87.66564132
Pennsylvania,Indiana,89.93900327
Pennsylvania,Jefferson,88.47170501
Pennsylvania,Juniata,88.83511243
Pennsylvania,Lackawanna,93.41065475
Pennsylvania,Lancaster,96.884
Pennsylvania,Lawrence,91.94223714
Pennsylvania,Lebanon,95.801
Pennsylvania,Lehigh,98.00401403
Pennsylvania,Luzerne,93.01705589
Pennsylvania,Lycoming,91.42
Pennsylvania,McKean,89.0441696
Pennsylvania,Mercer,86.45201147
Pennsylvania,Mifflin,87.43343569
Pennsylvania,Monroe,97.612
Pennsylvania,Montgomery,102.4583493
Pennsylvania,Montour,89.1232647
Pennsylvania,Northampton,99.45541556
Pennsylvania,Northumberland,88.08971599
Pennsylvania,Perry,91.64337848
Pennsylvania,Philadelphia,96.83083328
Pennsylvania,Pike,102.9920205
Pennsylvania,Potter,90.22073328
Pennsylvania,Schuylkill,89.54920195
Pennsylvania,Snyder,89.96707577
Pennsylvania,Somerset,87.99897821
Pennsylvania,Sullivan,88.58922129
Pennsylvania,Susquehanna,94.33837546
Pennsylvania,Tioga,88.26373234
Pennsylvania,Union,91.67534518
Pennsylvania,Venango,88.42383459
Pennsylvania,Warren,88.32661859
Pennsylvania,Washington,93.2480613
Pennsylvania,Wayne,92.98367877
Pennsylvania,Westmoreland,91.97057599
Pennsylvania,Wyoming,90.80119381
Pennsylvania,York,96.587
Rhode Island,Bristol,110.8335663
Rhode Island,Kent,100.9044701
Rhode Island,Newport,111.5740116
Rhode Island,Providence,100.9735588
Rhode Island,Washington,104.8879754
South Carolina,Abbeville,86.82023056
South Carolina,Aiken,90.45721326
South Carolina,Allendale,82.36025281
South Carolina,Anderson,89.65865569
South Carolina,Bamberg,83.11346489
South Carolina,Barnwell,82.75239527
South Carolina,Beaufort,99.73824894
South Carolina,Berkeley,95.35216734
South Carolina,Calhoun,87.85134315
South Carolina,Charleston,102.2556728
South Carolina,Cherokee,86.05755072
South Carolina,Chester,82.88463359
South Carolina,Chesterfield,85.195294
South Carolina,Clarendon,82.50349791
South Carolina,Colleton,86.14650353
South Carolina,Darlington,88.0986202
South Carolina,Dillon,83.9295145
South Carolina,Dorchester,96.99764018
South Carolina,Edgefield,86.62019393
South Carolina,Fairfield,88.42645182
South Carolina,Florence,91.62111082
South Carolina,Georgetown,93.60802729
South Carolina,Greenville,96.5283484
South Carolina,Greenwood,88.98835257
South Carolina,Hampton,86.56720585
South Carolina,Horry,93.53666452
South Carolina,Jasper,95.16190121
South Carolina,Kershaw,86.8033219
South Carolina,Lancaster,88.89698564
South Carolina,Laurens,85.87545853
South Carolina,Lee,85.34300274
South Carolina,Lexington,92.55903791
South Carolina,McCormick,87.4422234
South Carolina,Marion,84.05272717
South Carolina,Marlboro,82.94388633
South Carolina,Newberry,84.93320121
South Carolina,Oconee,89.37505863
South Carolina,Orangeburg,85.66553358
South Carolina,Pickens,90.91654197
South Carolina,Richland,95.50083976
South Carolina,Saluda,86.59535069
South Carolina,Spartanburg,92.59
South Carolina,Sumter,87.52763615
South Carolina,Union,84.01743862
South Carolina,Williamsburg,87.12929352
South Carolina,York,92.8169068
South Dakota,Aurora,86.48384986
South Dakota,Beadle,86.78797416
South Dakota,Bennett,87.45697571
South Dakota,Bon Homme,86.54144564
South Dakota,Brookings,89.57961936
South Dakota,Brown,86.22578799
South Dakota,Brule,86.86645518
South Dakota,Buffalo,84.60422585
South Dakota,Butte,89.12072761
South Dakota,Campbell,87.52870515
South Dakota,Charles Mix,85.53974522
South Dakota,Clark,84.6724024
South Dakota,Clay,87.8778423
South Dakota,Codington,87.6967965
South Dakota,Corson,85.53172523
South Dakota,Custer,89.94044803
South Dakota,Davison,87.20549214
South Dakota,Day,85.04803567
South Dakota,Deuel,86.71326483
South Dakota,Dewey,85.15179874
South Dakota,Douglas,86.01109196
South Dakota,Edmunds,86.66727172
South Dakota,Fall River,89.26412703
South Dakota,Faulk,86.36059423
South Dakota,Grant,88.23780047
South Dakota,Gregory,85.1906899
South Dakota,Haakon,86.01915107
South Dakota,Hamlin,86.17081794
South Dakota,Hand,85.15985096
South Dakota,Hanson,88.90404958
South Dakota,Harding,83.60946937
South Dakota,Hughes,87.33994215
South Dakota,Hutchinson,85.66262428
South Dakota,Hyde,85.60761306
South Dakota,Jackson,86.2835266
South Dakota,Jerauld,85.28467116
South Dakota,Jones,87.23920728
South Dakota,Kingsbury,86.80707696
South Dakota,Lake,87.69408308
South Dakota,Lawrence,89.73801432
South Dakota,Lincoln,95.78764128
South Dakota,Lyman,84.82097355
South Dakota,McCook,90.52263266
South Dakota,McPherson,84.49415514
South Dakota,Marshall,85.1368783
South Dakota,Meade,91.13368573
South Dakota,Mellette,87.38170496
South Dakota,Miner,86.78665684
South Dakota,Minnehaha,92.49087084
South Dakota,Moody,87.43882047
South Dakota,Oglala Lakota,85.62651433
South Dakota,Pennington,92.15910439
South Dakota,Perkins,87.20466542
South Dakota,Potter,85.48792456
South Dakota,Roberts,85.15637612
South Dakota,Sanborn,86.47747035
South Dakota,Spink,84.98623803
South Dakota,Stanley,86.85773269
South Dakota,Sully,86.86061411
South Dakota,Todd,85.44245146
South Dakota,Tripp,86.2069423
South Dakota,Turner,90.29754929
South Dakota,Union,91.76542854
South Dakota,Walworth,88.51656378
South Dakota,Yankton,86.62355026
South Dakota,Ziebach,84.5732875
Tennessee,Anderson,87.94783978
Tennessee,Bedford,85.01162422
Tennessee,Benton,83.4833334
Tennessee,Bledsoe,85.27202119
Tennessee,Blount,89.31873281
Tennessee,Bradley,88.09722758
Tennessee,Campbell,83.62940912
Tennessee,Cannon,82.19396111
Tennessee,Carroll,82.61963326
Tennessee,Carter,83.98195987
Tennessee,Cheatham,88.43851482
Tennessee,Chester,85.54812822
Tennessee,Claiborne,84.9270556
Tennessee,Clay,84.13038352
Tennessee,Cocke,84.57991222
Tennessee,Coffee,87.4138841
Tennessee,Crockett,82.70462625
Tennessee,Cumberland,87.8424509
Tennessee,Davidson,97.51383917
Tennessee,Decatur,83.07705531
Tennessee,DeKalb,83.08030649
Tennessee,Dickson,86.92933317
Tennessee,Dyer,85.00158736
Tennessee,Fayette,88.19708778
Tennessee,Fentress,84.57925653
Tennessee,Franklin,84.94327355
Tennessee,Gibson,82.47584837
Tennessee,Giles,83.46072507
Tennessee,Grainger,84.13158955
Tennessee,Greene,86.70488362
Tennessee,Grundy,84.0320908
Tennessee,Hamblen,83.37996028
Tennessee,Hamilton,91.98357098
Tennessee,Hancock,81.25947689
Tennessee,Hardeman,83.28349793
Tennessee,Hardin,83.9012074
Tennessee,Hawkins,84.49217235
Tennessee,Haywood,82.18041138
Tennessee,Henderson,83.52410569
Tennessee,Henry,83.5324834
Tennessee,Hickman,85.87209876
Tennessee,Houston,84.63447219
Tennessee,Humphreys,85.4652858
Tennessee,Jackson,86.84938303
Tennessee,Jefferson,85.52289486
Tennessee,Johnson,86.3990609
Tennessee,Knox,92.35117397
Tennessee,Lake,82.46169116
Tennessee,Lauderdale,81.88090404
Tennessee,Lawrence,82.85491473
Tennessee,Lewis,84.89736532
Tennessee,Lincoln,84.42607746
Tennessee,Loudon,87.95414989
Tennessee,McMinn,85.90899119
Tennessee,McNairy,81.56675813
Tennessee,Macon,82.25727579
Tennessee,Madison,86.9131798
Tennessee,Marion,83.60767613
Tennessee,Marshall,84.2848213
Tennessee,Maury,90.65022108
Tennessee,Meigs,85.80863461
Tennessee,Monroe,84.85417958
Tennessee,Montgomery,92.69484403
Tennessee,Moore,84.84991881
Tennessee,Morgan,84.56367318
Tennessee,Obion,82.1076289
Tennessee,Overton,84.60524503
Tennessee,Perry,84.6843582
Tennessee,Pickett,84.12363823
Tennessee,Polk,85.54268284
Tennessee,Putnam,88.65542479
Tennessee,Rhea,85.71371074
Tennessee,Roane,85.41032852
Tennessee,Robertson,87.9709585
Tennessee,Rutherford,93.23609947
Tennessee,Scott,82.05646761
Tennessee,Sequatchie,89.37816989
Tennessee,Sevier,91.02040751
Tennessee,Shelby,91.47276285
Tennessee,Smith,81.6819654
Tennessee,Stewart,89.17180875
Tennessee,Sullivan,86.39572764
Tennessee,Sumner,93.08448588
Tennessee,Tipton,87.58262414
Tennessee,Trousdale,83.89097982
Tennessee,Unicoi,86.87979126
Tennessee,Union,86.89914759
Tennessee,Van Buren,81.56970039
Tennessee,Warren,82.83278872
Tennessee,Washington,88.26073866
Tennessee,Wayne,81.82993302
Tennessee,Weakley,82.57812073
Tennessee,White,83.56131248
Tennessee,Williamson,104.3493568
Tennessee,Wilson,94.86256325
Texas,Anderson,89.64493123
Texas,Andrews,96.07467638
Texas,Angelina,91.86116194
Texas,Aransas,92.92761759
Texas,Archer,88.62832251
Texas,Armstrong,90.71768686
Texas,Atascosa,90.75773234
Texas,Austin,95.6454847
Texas,Bailey,93.86621581
Texas,Bandera,97.02199096
Texas,Bastrop,91.98955729
Texas,Baylor,91.89431761
Texas,Bee,90.34737884
Texas,Bell,93.72904902
Texas,Bexar,95.98222535
Texas,Blanco,88.2493789
Texas,Borden,93.28884932
Texas,Bosque,89.57649004
Texas,Bowie,87.81522511
Texas,Brazoria,98.76301849
Texas,Brazos,95.46609107
Texas,Brewster,90.68300758
Texas,Briscoe,88.66328851
Texas,Brooks,86.00305489
Texas,Brown,92.40466739
Texas,Burleson,91.66367589
Texas,Burnet,94.40744098
Texas,Caldwell,89.83112633
Texas,Calhoun,89.1570548
Texas,Callahan,89.29090539
Texas,Cameron,87.923
Texas,Camp,88.72336368
Texas,Carson,91.66227964
Texas,Cass,89.06385513
Texas,Castro,89.43487935
Texas,Chambers,96.65773371
Texas,Cherokee,91.91896797
Texas,Childress,91.32536743
Texas,Clay,89.79786731
Texas,Cochran,88.64354253
Texas,Coke,88.19839449
Texas,Coleman,92.14259873
Texas,Collin,110.1371037
Texas,Collingsworth,86.61006643
Texas,Colorado,88.68607496
Texas,Comal,100.3400457
Texas,Comanche,87.21421137
Texas,Concho,88.67082156
Texas,Cooke,93.86911532
Texas,Coryell,92.51975069
Texas,Cottle,85.99502797
Texas,Crane,89.97781076
Texas,Crockett,87.60189787
Texas,Crosby,89.04070402
Texas,Culberson,90.55076012
Texas,Dallam,89.86923624
Texas,Dallas,102.4889202
Texas,Dawson,91.37790039
Texas,Deaf Smith,93.26645291
Texas,Delta,88.84351065
Texas,Denton,108.517006
Texas,DeWitt,88.98736847
Texas,Dickens,91.56070044
Texas,Dimmit,83.70326521
Texas,Donley,90.56084903
Texas,Duval,88.14662322
Texas,Eastland,86.9356894
Texas,Ector,96.445
Texas,Edwards,86.06987174
Texas,Ellis,98.60579064
Texas,El Paso,92.91780106
Texas,Erath,90.74120344
Texas,Falls,91.39850868
Texas,Fannin,92.13034786
Texas,Fayette,90.8291134
Texas,Fisher,88.71297272
Texas,Floyd,88.30613584
Texas,Foard,88.44934098
Texas,Fort Bend,104.0361335
Texas,Franklin,89.34849766
Texas,Freestone,85.9346754
Texas,Frio,89.52357896
Texas,Gaines,89.63454252
Texas,Galveston,98.82099167
Texas,Garza,93.29361182
Texas,Gillespie,89.59777229
Texas,Glasscock,89.74087829
Texas,Goliad,91.02101993
Texas,Gonzales,87.51571213
Texas,Gray,91.54455497
Texas,Grayson,92.932
Texas,Gregg,94.26793313
Texas,Grimes,91.2025361
Texas,Guadalupe,98.14519262
Texas,Hale,89.32958843
Texas,Hall,89.38945019
Texas,Hamilton,87.53376354
Texas,Hansford,88.48675008
Texas,Hardeman,88.88728823
Texas,Hardin,91.10671093
Texas,Harris,98.83419095
Texas,Harrison,91.44450221
Texas,Hartley,90.44373125
Texas,Haskell,91.07029209
Texas,Hays,95.19368423
Texas,Hemphill,91.8475942
Texas,Henderson,91.69293378
Texas,Hidalgo,87.314
Texas,Hill,89.94191383
Texas,Hockley,90.76431176
Texas,Hood,93.11351943
Texas,Hopkins,91.16402222
Texas,Houston,87.12358235
Texas,Howard,90.58097454
Texas,Hudspeth,90.52964492
Texas,Hunt,95.92808504
Texas,Hutchinson,93.26562826
Texas,Irion,91.95987356
Texas,Jack,88.48610052
Texas,Jackson,87.76947921
Texas,Jasper,89.31208689
Texas,Jeff Davis,89.34353788
Texas,Jefferson,93.46991879
Texas,Jim Hogg,86.95996844
Texas,Jim Wells,89.38753502
Texas,Johnson,97.52885083
Texas,Jones,90.78153567
Texas,Karnes,88.88462307
Texas,Kaufman,100.2333904
Texas,Kendall,102.2270746
Texas,Kenedy,85.88615318
Texas,Kent,91.01294102
Texas,Kerr,92.06234938
Texas,Kimble,88.40487458
Texas,King,91.12029472
Texas,Kinney,84.70126556
Texas,Kleberg,90.76544583
Texas,Knox,90.60050432
Texas,Lamar,90.31167806
Texas,Lamb,90.164039
Texas,Lampasas,90.41735854
Texas,La Salle,89.73886056
Texas,Lavaca,87.74255035
Texas,Lee,92.00845243
Texas,Leon,85.63696445
Texas,Liberty,91.26371373
Texas,Limestone,85.75928781
Texas,Lipscomb,90.43069406
Texas,Live Oak,89.24531137
Texas,Llano,85.79041205
Texas,Loving,94.05663785
Texas,Lubbock,93.90454398
Texas,Lynn,90.63934776
Texas,McCulloch,93.15363711
Texas,McLennan,94.74030254
Texas,McMullen,90.8473437
Texas,Madison,90.89740011
Texas,Marion,90.23881248
Texas,Martin,95.30376115
Texas,Mason,85.59611307
Texas,Matagorda,90.29359571
Texas,Maverick,83.07463342
Texas,Medina,92.56794055
Texas,Menard,88.5849217
Texas,Midland,97.90576918
Texas,Milam,90.05395223
Texas,Mills,90.45388683
Texas,Mitchell,88.6963398
Texas,Montague,92.32738213
Texas,Montgomery,101.6084685
Texas,Moore,89.77599546
Texas,Morris,88.07851296
Texas,Motley,88.19569001
Texas,Nacogdoches,91.6121425
Texas,Navarro,88.27074238
Texas,Newton,89.30364465
Texas,Nolan,92.25711843
Texas,Nueces,94.78795166
Texas,Ochiltree,89.09706063
Texas,Oldham,93.31506457
Texas,Orange,93.22301016
Texas,Palo Pinto,90.12585032
Texas,Panola,88.46240656
Texas,Parker,100.1625406
Texas,Parmer,93.91671982
Texas,Pecos,90.8110337
Texas,Polk,88.95461718
Texas,Potter,91.56571535
Texas,Presidio,86.6827629
Texas,Rains,91.8195181
Texas,Randall,95.4095556
Texas,Reagan,90.78425038
Texas,Real,85.978476
Texas,Red River,89.20325572
Texas,Reeves,90.46840485
Texas,Refugio,89.23474466
Texas,Roberts,90.83420091
Texas,Robertson,91.81598869
Texas,Rockwall,108.0860123
Texas,Runnels,89.99002428
Texas,Rusk,90.45735072
Texas,Sabine,89.37041519
Texas,San Augustine,87.44933134
Texas,San Jacinto,90.5458764
Texas,San Patricio,94.09479433
Texas,San Saba,87.32058506
Texas,Schleicher,86.30546832
Texas,Scurry,90.67519076
Texas,Shackelford,89.78803609
Texas,Shelby,88.54952149
Texas,Sherman,89.79274254
Texas,Smith,94.605
Texas,Somervell,91.47232013
Texas,Starr,86.45448444
Texas,Stephens,90.4405661
Texas,Sterling,89.25090635
Texas,Stonewall,90.94131501
Texas,Sutton,88.52053412
Texas,Swisher,89.384471
Texas,Tarrant,103.0517951
Texas,Taylor,92.14548713
Texas,Terrell,83.12100131
Texas,Terry,90.23517219
Texas,Throckmorton,89.46404636
Texas,Titus,88.38464994
Texas,Tom Green,91.80869548
Texas,Travis,102.0601074
Texas,Trinity,86.506286
Texas,Tyler,88.02889841
Texas,Upshur,91.3807239
Texas,Upton,89.81035142
Texas,Uvalde,86.42089547
Texas,Val Verde,85.766111
Texas,Van Zandt,92.39898647
Texas,Victoria,91.86196816
Texas,Walker,93.23586689
Texas,Waller,97.03970364
Texas,Ward,90.97436669
Texas,Washington,91.22551819
Texas,Webb,89.597
Texas,Wharton,87.42599074
Texas,Wheeler,91.34120885
Texas,Wichita,91.02745932
Texas,Wilbarger,89.91864236
Texas,Willacy,85.69075376
Texas,Williamson,99.92418393
Texas,Wilson,92.73411613
Texas,Winkler,90.41717274
Texas,Wise,97.78703313
Texas,Wood,91.9162483
Texas,Yoakum,92.40955321
Texas,Young,88.90553069
Texas,Zapata,84.80673534
Texas,Zavala,84.76520803
Utah,Beaver,84.79991621
Utah,Box Elder,89.30614368
Utah,Cache,91.85884535
Utah,Carbon,82.48555604
Utah,Daggett,85.8905223
Utah,Davis,95.23167399
Utah,Duchesne,84.31709322
Utah,Emery,81.3069158
Utah,Garfield,84.00929302
Utah,Grand,93.1374602
Utah,Iron,84.9192877
Utah,Juab,90.20421935
Utah,Kane,87.48303297
Utah,Millard,82.74546927
Utah,Morgan,93.26573966
Utah,Piute,82.59531532
Utah,Rich,83.18084333
Utah,Salt Lake,96.61314606
Utah,San Juan,88.62928636
Utah,Sanpete,83.36914114
Utah,Sevier,82.18069007
Utah,Summit,111.0340697
Utah,Tooele,89.91413136
Utah,Uintah,84.54609734
Utah,Utah,95.92037563
Utah,Wasatch,97.82118269
Utah,Washington,94.179
Utah,Wayne,81.88359647
Utah,Weber,92.47542836
Vermont,Addison,98.40770709
Vermont,Bennington,94.81443628
Vermont,Caledonia,94.59633993
Vermont,Chittenden,104.5974217
Vermont,Essex,89.90002524
Vermont,Franklin,96.37574203
Vermont,Grand Isle,95.69302067
Vermont,Lamoille,98.64416675
Vermont,Orange,96.43656542
Vermont,Orleans,91.38443943
Vermont,Rutland,94.52051677
Vermont,Washington,98.34373697
Vermont,Windham,96.96134518
Vermont,Windsor,99.12185554
Virginia,Accomack,87.90578979
Virginia,Albemarle,102.4395441
Virginia,Alleghany,89.04980267
Virginia,Amelia,92.89534318
Virginia,Amherst,88.29621282
Virginia,Appomattox,87.71022714
Virginia,Arlington,125.1634693
Virginia,Augusta,92.36549755
Virginia,Bath,85.08264608
Virginia,Bedford,92.33634432
Virginia,Bland,86.31524953
Virginia,Botetourt,95.06700716
Virginia,Brunswick,86.04826168
Virginia,Buchanan,84.23431459
Virginia,Buckingham,87.57168706
Virginia,Campbell,88.80109662
Virginia,Caroline,94.73446504
Virginia,Carroll,86.10178966
Virginia,Charles City,92.24151884
Virginia,Charlotte,85.66506605
Virginia,Chesterfield,98.45568251
Virginia,Clarke,97.51300617
Virginia,Craig,89.73425537
Virginia,Culpeper,97.44155376
Virginia,Cumberland,86.89435547
Virginia,Dickenson,86.06201053
Virginia,Dinwiddie,92.17494498
Virginia,Essex,90.97692741
Virginia,Fairfax,117.5152998
Virginia,Fauquier,102.5924301
Virginia,Floyd,90.63863254
Virginia,Fluvanna,95.3858126
Virginia,Franklin,89.56814514
Virginia,Frederick,99.73191116
Virginia,Giles,84.81141811
Virginia,Gloucester,93.52791759
Virginia,Goochland,95.04612701
Virginia,Grayson,84.77311588
Virginia,Greene,93.4499263
Virginia,Greensville,87.71764992
Virginia,Halifax,85.68485031
Virginia,Hanover,97.90719492
Virginia,Henrico,99.58360308
Virginia,Henry,83.85867313
Virginia,Highland,88.41766192
Virginia,Isle of Wight,96.0524149
Virginia,James City,103.3128065
Virginia,King and Queen,93.21475408
Virginia,King George,96.93710162
Virginia,King William,94.26235564
Virginia,Lancaster,90.45704376
Virginia,Lee,82.9829718
Virginia,Loudoun,115.2464952
Virginia,Louisa,94.19313948
Virginia,Lunenburg,85.94131634
Virginia,Madison,91.3565518
Virginia,Mathews,92.88202774
Virginia,Mecklenburg,86.57064043
Virginia,Middlesex,91.39207547
Virginia,Montgomery,95.75812147
Virginia,Nelson,88.34851337
Virginia,New Kent,98.9090541
Virginia,Northampton,87.19819166
Virginia,Northumberland,94.34447179
Virginia,Nottoway,87.93113613
Virginia,Orange,91.66344145
Virginia,Page,87.97524546
Virginia,Patrick,83.76897785
Virginia,Pittsylvania,88.01623466
Virginia,Powhatan,92.54205181
Virginia,Prince Edward,86.73296524
Virginia,Prince George,96.13866833
Virginia,Prince William,108.2039495
Virginia,Pulaski,86.39784337
Virginia,Rappahannock,94.84819829
Virginia,Richmond,92.52272473
Virginia,Roanoke,96.79104202
Virginia,Rockbridge,89.65585223
Virginia,Rockingham,92.27685904
Virginia,Russell,84.6097474
Virginia,Scott,81.18638563
Virginia,Shenandoah,90.20565909
Virginia,Smyth,85.83533257
Virginia,Southampton,87.62421463
Virginia,Spotsylvania,102.6159157
Virginia,Stafford,105.3190321
Virginia,Surry,97.28868796
Virginia,Sussex,91.12193092
Virginia,Tazewell,85.23051406
Virginia,Warren,96.76044195
Virginia,Washington,85.896642
Virginia,Westmoreland,91.35840724
Virginia,Wise,87.14598452
Virginia,Wythe,85.51498101
Virginia,York,98.99753293
Virginia,Alexandria city,119.8613713
Virginia,Bristol city,85.05869193
Virginia,Buena Vista city,88.86196171
Virginia,Charlottesville city,105.7655725
Virginia,Chesapeake city,98.95647294
Virginia,Colonial Heights city,91.3374988
Virginia,Covington city,89.72946809
Virginia,Danville city,87.00969617
Virginia,Emporia city,86.63677338
Virginia,Fairfax city,115.9307223
Virginia,Falls Church city,120.1575405
Virginia,Franklin city,90.98377994
Virginia,Fredericksburg city,106.2022948
Virginia,Galax city,86.08556835
Virginia,Hampton city,94.64955942
Virginia,Harrisonburg city,96.79329583
Virginia,Hopewell city,91.91741255
Virginia,Lexington city,90.5117973
Virginia,Lynchburg city,93.13401072
Virginia,Manassas city,106.0531173
Virginia,Manassas Park city,107.5245708
Virginia,Martinsville city,84.88852765
Virginia,Newport News city,95.21090002
Virginia,Norfolk city,95.67441624
Virginia,Norton city,86.44244377
Virginia,Petersburg city,89.68361899
Virginia,Poquoson city,98.00410989
Virginia,Portsmouth city,94.34118936
Virginia,Radford city,88.55140975
Virginia,Richmond city,100.5223257
Virginia,Roanoke city,92.36531362
Virginia,Salem city,94.83052169
Virginia,Staunton city,94.04261158
Virginia,Suffolk city,96.85124868
Virginia,Virginia Beach city,101.4346676
Virginia,Waynesboro city,92.64358848
Virginia,Williamsburg city,100.8693256
Virginia,Winchester city,98.13305872
Washington,Adams,88.54601421
Washington,Asotin,80.89212669
Washington,Benton,102.0077452
Washington,Chelan,103.1669052
Washington,Clallam,98.51435505
Washington,Clark,103.07757
Washington,Columbia,93.27416346
Washington,Cowlitz,98.781
Washington,Douglas,102.8858576
Washington,Ferry,91.14215629
Washington,Franklin,97.19133983
Washington,Garfield,90.43631266
Washington,Grant,92.76419505
Washington,Grays Harbor,94.45178228
Washington,Island,106.3128644
Washington,Jefferson,105.9654931
Washington,King,117.8132979
Washington,Kitsap,103.629
Washington,Kittitas,102.7157867
Washington,Klickitat,94.51285327
Washington,Lewis,94.89704518
Washington,Lincoln,93.73524759
Washington,Mason,97.33893456
Washington,Okanogan,89.30683686
Washington,Pacific,92.42086838
Washington,Pend Oreille,91.26105554
Washington,Pierce,108.2664229
Washington,San Juan,106.6110675
Washington,Skagit,100.35
Washington,Skamania,95.9861032
Washington,Snohomish,112.3863114
Washington,Spokane,99.11647338
Washington,Stevens,93.80067267
Washington,Thurston,103.525
Washington,Wahkiakum,96.08275918
Washington,Walla Walla,99.118
Washington,Whatcom,104.605
Washington,Whitman,97.09895514
Washington,Yakima,97.705
West Virginia,Barbour,84.74084236
West Virginia,Berkeley,94.63711423
West Virginia,Boone,87.44122042
West Virginia,Braxton,85.89054322
West Virginia,Brooke,87.17443926
West Virginia,Cabell,89.24303768
West Virginia,Calhoun,83.99778035
West Virginia,Clay,87.06807649
West Virginia,Doddridge,86.02300615
West Virginia,Fayette,88.7694587
West Virginia,Gilmer,84.48305812
West Virginia,Grant,86.40285589
West Virginia,Greenbrier,87.53791169
West Virginia,Hampshire,87.06595569
West Virginia,Hancock,93.91300491
West Virginia,Hardy,88.50066978
West Virginia,Harrison,90.19720426
West Virginia,Jackson,88.52988936
West Virginia,Jefferson,93.94894616
West Virginia,Kanawha,91.82793758
West Virginia,Lewis,85.44663722
West Virginia,Lincoln,92.19179603
West Virginia,Logan,85.37389558
West Virginia,McDowell,86.52429088
West Virginia,Marion,89.81493453
West Virginia,Marshall,87.8321865
West Virginia,Mason,84.5406766
West Virginia,Mercer,86.91796915
West Virginia,Mineral,87.83617152
West Virginia,Mingo,86.33311774
West Virginia,Monongalia,97.60826444
West Virginia,Monroe,86.63084901
West Virginia,Morgan,93.16682076
West Virginia,Nicholas,86.79694544
West Virginia,Ohio,90.81888347
West Virginia,Pendleton,90.44244609
West Virginia,Pleasants,87.36903882
West Virginia,Pocahontas,86.97145732
West Virginia,Preston,90.23611486
West Virginia,Putnam,89.59773826
West Virginia,Raleigh,89.63271906
West Virginia,Randolph,86.95054954
West Virginia,Ritchie,86.25282852
West Virginia,Roane,84.90704659
West Virginia,Summers,87.02851369
West Virginia,Taylor,90.22890249
West Virginia,Tucker,86.71875822
West Virginia,Tyler,86.09241064
West Virginia,Upshur,85.30918604
West Virginia,Wayne,85.54721425
West Virginia,Webster,86.13923045
West Virginia,Wetzel,86.3751878
West Virginia,Wirt,87.65354814
West Virginia,Wood,89.78150673
West Virginia,Wyoming,87.47376395
Wisconsin,Adams,85.49232081
Wisconsin,Ashland,87.51850927
Wisconsin,Barron,89.85264567
Wisconsin,Bayfield,88.27542018
Wisconsin,Brown,93.6697858
Wisconsin,Buffalo,87.0287628
Wisconsin,Burnett,86.42788153
Wisconsin,Calumet,91.29545448
Wisconsin,Chippewa,89.71169645
Wisconsin,Clark,88.28536539
Wisconsin,Columbia,90.03638885
Wisconsin,Crawford,86.97637705
Wisconsin,Dane,98.25404947
Wisconsin,Dodge,89.22545598
Wisconsin,Door,92.98077317
Wisconsin,Douglas,86.47108418
Wisconsin,Dunn,89.57311059
Wisconsin,Eau Claire,93.17478517
Wisconsin,Florence,85.07437757
Wisconsin,Fond du Lac,92.104
Wisconsin,Forest,86.17917489
Wisconsin,Grant,87.73026571
Wisconsin,Green,87.10550768
Wisconsin,Green Lake,87.16468261
Wisconsin,Iowa,87.23879527
Wisconsin,Iron,88.35098313
Wisconsin,Jackson,86.84895313
Wisconsin,Jefferson,90.77743417
Wisconsin,Juneau,92.11200362
Wisconsin,Kenosha,100.0581997
Wisconsin,Kewaunee,85.56370435
Wisconsin,La Crosse,95.21452249
Wisconsin,Lafayette,87.75150189
Wisconsin,Langlade,85.94498386
Wisconsin,Lincoln,87.06660369
Wisconsin,Manitowoc,88.10226968
Wisconsin,Marathon,90.40859281
Wisconsin,Marinette,86.08825565
Wisconsin,Marquette,87.02152504
Wisconsin,Menominee,84.21838726
Wisconsin,Milwaukee,94.41862372
Wisconsin,Monroe,89.41214198
Wisconsin,Oconto,85.85155973
Wisconsin,Oneida,88.48199052
Wisconsin,Outagamie,93.90222992
Wisconsin,Ozaukee,97.14751317
Wisconsin,Pepin,86.55342177
Wisconsin,Pierce,100.2203831
Wisconsin,Polk,90.08022508
Wisconsin,Portage,91.40412176
Wisconsin,Price,87.16780411
Wisconsin,Racine,92.074
Wisconsin,Richland,86.69104676
Wisconsin,Rock,92.951
Wisconsin,Rusk,87.70049884
Wisconsin,St. Croix,97.82677709
Wisconsin,Sauk,90.426624
Wisconsin,Sawyer,88.63012101
Wisconsin,Shawano,86.07241746
Wisconsin,Sheboygan,93.173
Wisconsin,Taylor,88.63680891
Wisconsin,Trempealeau,87.19559279
Wisconsin,Vernon,88.48128769
Wisconsin,Vilas,88.83419975
Wisconsin,Walworth,91.76386799
Wisconsin,Washburn,89.02229252
Wisconsin,Washington,93.93784234
Wisconsin,Waukesha,98.07344708
Wisconsin,Waupaca,88.76879388
Wisconsin,Waushara,87.14612861
Wisconsin,Winnebago,92.457
Wisconsin,Wood,89.41602655
Wyoming,Albany,90.78167894
Wyoming,Big Horn,88.4679979
Wyoming,Campbell,89.90349047
Wyoming,Carbon,90.2941757
Wyoming,Converse,89.09618947
Wyoming,Crook,89.03687163
Wyoming,Fremont,89.34801285
Wyoming,Goshen,85.94367801
Wyoming,Hot Springs,88.37716987
Wyoming,Johnson,90.96251968
Wyoming,Laramie,92.91
Wyoming,Lincoln,101.2798849
Wyoming,Natrona,91.383
Wyoming,Niobrara,85.2930009
Wyoming,Park,90.73301097
Wyoming,Platte,86.34649624
Wyoming,Sheridan,90.257957
Wyoming,Sublette,91.88040737
Wyoming,Sweetwater,89.1289969
Wyoming,Teton,109.6209407
Wyoming,Uinta,86.75617329
Wyoming,Washakie,88.06165243
Wyoming,Weston,89.34825855
