State,Area_Name,POP_ESTIMATE_2023
US,United States,334914895
AL,Alabama,5108468
AL,Autauga,60342
AL,Baldwin,253507
AL,Barbour,24585
AL,Bibb,21868
AL,Blount,59816
AL,Bullock,9897
AL,Butler,18382
AL,Calhoun,116429
AL,Chambers,34079
AL,Cherokee,25666
AL,Chilton,46431
AL,Choctaw,12252
AL,Clarke,22337
AL,Clay,14111
AL,Cleburne,15639
AL,Coffee,55643
AL,Colbert,58361
AL,Conecuh,11174
AL,Coosa,10268
AL,Covington,37952
AL,Crenshaw,13101
AL,Cullman,92016
AL,Dale,49871
AL,Dallas,36165
AL,DeKalb,72569
AL,Elmore,90441
AL,Escambia,36558
AL,Etowah,103241
AL,Fayette,15967
AL,Franklin,31802
AL,Geneva,26988
AL,Greene,7341
AL,Hale,14888
AL,Henry,17899
AL,Houston,108462
AL,Jackson,53467
AL,Jefferson,662895
AL,Lamar,13661
AL,Lauderdale,96814
AL,Lawrence,33502
AL,Lee,183215
AL,Limestone,114654
AL,Lowndes,9717
AL,Macon,18370
AL,Madison,412600
AL,Marengo,18684
AL,Marion,29244
AL,Marshall,100756
AL,Mobile,411640
AL,Monroe,19229
AL,Montgomery,224980
AL,Morgan,125133
AL,Perry,7738
AL,Pickens,18688
AL,Pike,33137
AL,Randolph,22786
AL,Russell,58744
AL,St. Clair,95552
AL,Shelby,233000
AL,Sumter,11727
AL,Talladega,81132
AL,Tallapoosa,40677
AL,Tuscaloosa,237373
AL,Walker,64728
AL,Washington,15022
AL,Wilcox,9944
AL,Winston,23611
AK,Alaska,733406
AK,Aleutians East Borough,3461
AK,Aleutians West Census Area,5160
AK,Anchorage Municipality,286075
AK,Bethel Census Area,18224
AK,Bristol Bay Borough,844
AK,Chugach Census Area,6769
AK,Copper River Census Area,2674
AK,Denali Borough,1584
AK,Dillingham Census Area,4607
AK,Fairbanks North Star Borough,94840
AK,Haines Borough,2070
AK,Hoonah-Angoon Census Area,2262
AK,Juneau City and Borough,31555
AK,Kenai Peninsula Borough,61223
AK,Ketchikan Gateway Borough,13738
AK,Kodiak Island Borough,12565
AK,Kusilvak Census Area,8001
AK,Lake and Peninsula Borough,1331
AK,Matanuska-Susitna Borough,115239
AK,Nome Census Area,9763
AK,North Slope Borough,10603
AK,Northwest Arctic Borough,7361
AK,Petersburg Borough,3427
AK,Prince of Wales-Hyder Census Area,5696
AK,Sitka City and Borough,8282
AK,Skagway Municipality,1095
AK,Southeast Fairbanks Census Area,7077
AK,Wrangell City and Borough,2064
AK,Yakutat City and Borough,687
AK,Yukon-Koyukuk Census Area,5129
AZ,Arizona,7431344
AZ,Apache,65036
AZ,Cochise,124640
AZ,Coconino,144472
AZ,Gila,54003
AZ,Graham,39525
AZ,Greenlee,9369
AZ,La Paz,16710
AZ,Maricopa,4585871
AZ,Mohave,223682
AZ,Navajo,109175
AZ,Pima,1063162
AZ,Pinal,484239
AZ,Santa Cruz,49158
AZ,Yavapai,249081
AZ,Yuma,213221
AR,Arkansas,16307
AR,Ashley,18262
AR,Baxter,42875
AR,Benton,311013
AR,Boone,38530
AR,Bradley,10104
AR,Calhoun,4641
AR,Carroll,28814
AR,Chicot,9538
AR,Clark,21274
AR,Clay,14201
AR,Cleburne,25445
AR,Cleveland,7378
AR,Columbia,22150
AR,Conway,21077
AR,Craighead,113993
AR,Crawford,61891
AR,Crittenden,47139
AR,Cross,16420
AR,Dallas,6185
AR,Desha,10479
AR,Drew,16945
AR,Faulkner,129951
AR,Franklin,17468
AR,Fulton,12421
AR,Garland,99784
AR,Grant,18383
AR,Greene,46743
AR,Hempstead,19343
AR,Hot Spring,33258
AR,Howard,12533
AR,Independence,38320
AR,Izard,14169
AR,Jackson,16784
AR,Jefferson,63661
AR,Johnson,26129
AR,Lafayette,6095
AR,Lawrence,16318
AR,Lee,8201
AR,Lincoln,12898
AR,Little River,11805
AR,Logan,21400
AR,Lonoke,75944
AR,Madison,17775
AR,Marion,17514
AR,Miller,42415
AR,Mississippi,38663
AR,Monroe,6512
AR,Montgomery,8620
AR,Nevada,8120
AR,Newton,7071
AR,Ouachita,21793
AR,Perry,10184
AR,Phillips,14961
AR,Pike,10208
AR,Poinsett,22397
AR,Polk,19436
AR,Pope,64593
AR,Prairie,8036
AR,Pulaski,400009
AR,Randolph,18907
AR,St. Francis,22101
AR,Saline,129574
AR,Scott,9851
AR,Searcy,7806
AR,Sebastian,129098
AR,Sevier,15632
AR,Sharp,17968
AR,Stone,12671
AR,Union,37397
AR,Van Buren,16142
AR,Washington,261549
AR,White,78452
AR,Woodruff,5964
AR,Yell,20044
CA,California,38965193
CA,Alameda,1622188
CA,Alpine,1141
CA,Amador,41811
CA,Butte,207172
CA,Calaveras,46565
CA,Colusa,22037
CA,Contra Costa,1155025
CA,Del Norte,26589
CA,El Dorado,192215
CA,Fresno,1017162
CA,Glenn,28129
CA,Humboldt,133985
CA,Imperial,179057
CA,Inyo,18527
CA,Kern,913820
CA,Kings,152682
CA,Lake,67878
CA,Lassen,28861
CA,Los Angeles,9663345
CA,Madera,162858
CA,Marin,254407
CA,Mariposa,16919
CA,Mendocino,89108
CA,Merced,291920
CA,Modoc,8500
CA,Mono,13066
CA,Monterey,430723
CA,Napa,133216
CA,Nevada,102037
CA,Orange,3135755
CA,Placer,423561
CA,Plumas,19131
CA,Riverside,2492442
CA,Sacramento,1584288
CA,San Benito,68175
CA,San Bernardino,2195611
CA,San Diego,3269973
CA,San Francisco,808988
CA,San Joaquin,800965
CA,San Luis Obispo,281639
CA,San Mateo,726353
CA,Santa Barbara,441257
CA,Santa Clara,1877592
CA,Santa Cruz,261547
CA,Shasta,180366
CA,Sierra,3200
CA,Siskiyou,42905
CA,Solano,449218
CA,Sonoma,481812
CA,Stanislaus,551430
CA,Sutter,97948
CA,Tehama,64896
CA,Trinity,15670
CA,Tulare,479468
CA,Tuolumne,54204
CA,Ventura,829590
CA,Yolo,220544
CA,Yuba,85722
CO,Colorado,5877610
CO,Adams,533365
CO,Alamosa,16655
CO,Arapahoe,656061
CO,Archuleta,14189
CO,Baca,3344
CO,Bent,5681
CO,Boulder,326831
CO,Broomfield,76860
CO,Chaffee,20617
CO,Cheyenne,1727
CO,Clear Creek,9147
CO,Conejos,7521
CO,Costilla,3628
CO,Crowley,5636
CO,Custer,5534
CO,Delta,31746
CO,Denver,716577
CO,Dolores,2513
CO,Douglas,383906
CO,Eagle,54381
CO,Elbert,28806
CO,El Paso,744215
CO,Fremont,50318
CO,Garfield,62707
CO,Gilpin,5926
CO,Grand,15935
CO,Gunnison,17321
CO,Hinsdale,765
CO,Huerfano,7055
CO,Jackson,1309
CO,Jefferson,576366
CO,Kiowa,1384
CO,Kit Carson,6994
CO,Lake,7365
CO,La Plata,56407
CO,Larimer,370771
CO,Las Animas,14348
CO,Lincoln,5480
CO,Logan,20619
CO,Mesa,159681
CO,Mineral,944
CO,Moffat,13327
CO,Montezuma,26531
CO,Montrose,44156
CO,Morgan,29524
CO,Otero,18136
CO,Ouray,5176
CO,Park,18117
CO,Phillips,4476
CO,Pitkin,16640
CO,Prowers,11751
CO,Pueblo,169422
CO,Rio Blanco,6569
CO,Rio Grande,11188
CO,Routt,25064
CO,Saguache,6688
CO,San Juan,802
CO,San Miguel,7868
CO,Sedgwick,2299
CO,Summit,30465
CO,Teller,24617
CO,Washington,4855
CO,Weld,359442
CO,Yuma,9862
CT,Connecticut,3617176
CT,Fairfield,
CT,Hartford,
CT,Litchfield,
CT,Middlesex,
CT,New Haven,
CT,New London,
CT,Tolland,
CT,Windham,
CT,Capitol Planning Region,975328
CT,Greater Bridgeport Planning Region,327651
CT,Lower Connecticut River Valley Planning Region,176215
CT,Naugatuck Valley Planning Region,456128
CT,Northeastern Connecticut Planning Region,96692
CT,Northwest Hills Planning Region,113463
CT,South Central Connecticut Planning Region,568158
CT,Southeastern Connecticut Planning Region,279634
CT,Western Connecticut Planning Region,623907
DE,Delaware,1031890
DE,Kent,189789
DE,New Castle,578592
DE,Sussex,263509
DC,District of Columbia,678972
DC,District of Columbia,678972
FL,Florida,22610726
FL,Alachua,285994
FL,Baker,28368
FL,Bay,190769
FL,Bradford,27858
FL,Brevard,643979
FL,Broward,1962531
FL,Calhoun,13470
FL,Charlotte,206134
FL,Citrus,166696
FL,Clay,232439
FL,Collier,404310
FL,Columbia,73063
FL,DeSoto,35979
FL,Dixie,17465
FL,Duval,1030822
FL,Escambia,326928
FL,Flagler,131439
FL,Franklin,12594
FL,Gadsden,43833
FL,Gilchrist,19587
FL,Glades,12786
FL,Gulf,15693
FL,Hamilton,13471
FL,Hardee,25760
FL,Hendry,43333
FL,Hernando,212807
FL,Highlands,107614
FL,Hillsborough,1535564
FL,Holmes,19944
FL,Indian River,169795
FL,Jackson,48622
FL,Jefferson,15450
FL,Lafayette,8078
FL,Lake,424462
FL,Lee,834573
FL,Leon,296913
FL,Levy,46545
FL,Liberty,7706
FL,Madison,18519
FL,Manatee,441095
FL,Marion,409959
FL,Martin,163315
FL,Miami-Dade,2686867
FL,Monroe,80614
FL,Nassau,101501
FL,Okaloosa,218464
FL,Okeechobee,41427
FL,Orange,1471416
FL,Osceola,437784
FL,Palm Beach,1533801
FL,Pasco,632996
FL,Pinellas,961596
FL,Polk,818330
FL,Putnam,75955
FL,St. Johns,320110
FL,St. Lucie,373586
FL,Santa Rosa,203162
FL,Sarasota,469013
FL,Seminole,484271
FL,Sumter,151565
FL,Suwannee,46130
FL,Taylor,21582
FL,Union,15532
FL,Volusia,590357
FL,Wakulla,36449
FL,Walton,86354
FL,Washington,25602
GA,Georgia,11029227
GA,Appling,18457
GA,Atkinson,8293
GA,Bacon,11124
GA,Baker,2743
GA,Baldwin,43396
GA,Banks,19789
GA,Barrow,92792
GA,Bartow,115041
GA,Ben Hill,17128
GA,Berrien,18570
GA,Bibb,156512
GA,Bleckley,12465
GA,Brantley,18401
GA,Brooks,16245
GA,Bryan,49739
GA,Bulloch,84327
GA,Burke,24438
GA,Butts,26887
GA,Calhoun,5457
GA,Camden,58118
GA,Candler,11059
GA,Carroll,127098
GA,Catoosa,68910
GA,Charlton,12934
GA,Chatham,303655
GA,Chattahoochee,8661
GA,Chattooga,25222
GA,Cherokee,286602
GA,Clarke,129933
GA,Clay,2853
GA,Clayton,298300
GA,Clinch,6746
GA,Cobb,776743
GA,Coffee,43317
GA,Colquitt,46167
GA,Columbia,165162
GA,Cook,17714
GA,Coweta,155892
GA,Crawford,12277
GA,Crisp,19631
GA,Dade,16165
GA,Dawson,31732
GA,Decatur,29087
GA,DeKalb,762992
GA,Dodge,19776
GA,Dooly,10981
GA,Dougherty,82645
GA,Douglas,149160
GA,Early,10563
GA,Echols,3709
GA,Effingham,71541
GA,Elbert,20013
GA,Emanuel,23119
GA,Evans,10754
GA,Fannin,25955
GA,Fayette,123351
GA,Floyd,100113
GA,Forsyth,272887
GA,Franklin,24782
GA,Fulton,1079105
GA,Gilmer,32860
GA,Glascock,2954
GA,Glynn,86172
GA,Gordon,59757
GA,Grady,26066
GA,Greene,20722
GA,Gwinnett,983526
GA,Habersham,48757
GA,Hall,217267
GA,Hancock,8676
GA,Haralson,32038
GA,Harris,36654
GA,Hart,27556
GA,Heard,12034
GA,Henry,254613
GA,Houston,171974
GA,Irwin,9120
GA,Jackson,88615
GA,Jasper,16455
GA,Jeff Davis,14906
GA,Jefferson,15183
GA,Jenkins,8627
GA,Johnson,9282
GA,Jones,28969
GA,Lamar,20401
GA,Lanier,10452
GA,Laurens,49941
GA,Lee,33872
GA,Liberty,69210
GA,Lincoln,7879
GA,Long,19594
GA,Lowndes,120712
GA,Lumpkin,35258
GA,McDuffie,21799
GA,McIntosh,11501
GA,Macon,11817
GA,Madison,32191
GA,Marion,7440
GA,Meriwether,20931
GA,Miller,5747
GA,Mitchell,21114
GA,Monroe,30625
GA,Montgomery,8761
GA,Morgan,21460
GA,Murray,41035
GA,Muscogee,201877
GA,Newton,120135
GA,Oconee,44182
GA,Oglethorpe,15754
GA,Paulding,183164
GA,Peach,28805
GA,Pickens,35969
GA,Pierce,20425
GA,Pike,20461
GA,Polk,44223
GA,Pulaski,10095
GA,Putnam,23129
GA,Quitman,2280
GA,Rabun,17442
GA,Randolph,6078
GA,Richmond,205414
GA,Rockdale,95987
GA,Schley,4526
GA,Screven,14174
GA,Seminole,9092
GA,Spalding,69946
GA,Stephens,27228
GA,Stewart,4674
GA,Sumter,28890
GA,Talbot,5718
GA,Taliaferro,1609
GA,Tattnall,24296
GA,Taylor,7758
GA,Telfair,10920
GA,Terrell,8718
GA,Thomas,45649
GA,Tift,41554
GA,Toombs,27040
GA,Towns,13035
GA,Treutlen,6341
GA,Troup,70742
GA,Turner,8909
GA,Twiggs,7691
GA,Union,27124
GA,Upson,28263
GA,Walker,69489
GA,Walton,106702
GA,Ware,36243
GA,Warren,5106
GA,Washington,19820
GA,Wayne,31373
GA,Webster,2337
GA,Wheeler,7081
GA,White,29026
GA,Whitfield,103687
GA,Wilcox,8779
GA,Wilkes,9518
GA,Wilkinson,8725
GA,Worth,20273
HI,Hawaii,207615
HI,Honolulu,989408
HI,Kalawao,81
HI,Kauai,73851
HI,Maui,164183
ID,Ada,524673
ID,Adams,4903
ID,Bannock,90400
ID,Bear Lake,6766
ID,Benewah,10369
ID,Bingham,50395
ID,Blaine,25041
ID,Boise,8517
ID,Bonner,52547
ID,Bonneville,131366
ID,Boundary,13557
ID,Butte,2758
ID,Camas,1232
ID,Canyon,257674
ID,Caribou,7219
ID,Cassia,25696
ID,Clark,801
ID,Clearwater,9214
ID,Custer,4523
ID,Elmore,29724
ID,Franklin,15494
ID,Fremont,14196
ID,Gem,21071
ID,Gooding,16061
ID,Idaho,17890
ID,Jefferson,34198
ID,Jerome,25479
ID,Kootenai,185010
ID,Latah,41301
ID,Lemhi,8441
ID,Lewis,3739
ID,Lincoln,5450
ID,Madison,54547
ID,Minidoka,22480
ID,Nez Perce,42987
ID,Oneida,4953
ID,Owyhee,12722
ID,Payette,27279
ID,Power,8253
ID,Shoshone,14026
ID,Teton,12549
ID,Twin Falls,95156
ID,Valley,12644
ID,Washington,11425
IL,Illinois,12549689
IL,Adams,64441
IL,Alexander,4695
IL,Bond,16450
IL,Boone,53202
IL,Brown,6294
IL,Bureau,32729
IL,Calhoun,4317
IL,Carroll,15526
IL,Cass,12596
IL,Champaign,205644
IL,Christian,33228
IL,Clark,15088
IL,Clay,12999
IL,Clinton,36785
IL,Coles,46060
IL,Cook,5087072
IL,Crawford,18300
IL,Cumberland,10261
IL,DeKalb,100288
IL,De Witt,15365
IL,Douglas,19629
IL,DuPage,921213
IL,Edgar,16334
IL,Edwards,5968
IL,Effingham,34331
IL,Fayette,21164
IL,Ford,13250
IL,Franklin,37138
IL,Fulton,32541
IL,Gallatin,4670
IL,Greene,11543
IL,Grundy,53578
IL,Hamilton,7911
IL,Hancock,17186
IL,Hardin,3569
IL,Henderson,6088
IL,Henry,48448
IL,Iroquois,26136
IL,Jackson,52141
IL,Jasper,9144
IL,Jefferson,36320
IL,Jersey,21091
IL,Jo Daviess,21756
IL,Johnson,13326
IL,Kane,514982
IL,Kankakee,105940
IL,Kendall,139976
IL,Knox,48411
IL,Lake,708760
IL,LaSalle,108309
IL,Lawrence,14813
IL,Lee,33654
IL,Livingston,35320
IL,Logan,27590
IL,McDonough,26839
IL,McHenry,312800
IL,McLean,170441
IL,Macon,100591
IL,Macoupin,44018
IL,Madison,262752
IL,Marion,36673
IL,Marshall,11683
IL,Mason,12523
IL,Massac,13661
IL,Menard,11954
IL,Mercer,15487
IL,Monroe,34957
IL,Montgomery,27663
IL,Morgan,32140
IL,Moultrie,14342
IL,Ogle,51265
IL,Peoria,177513
IL,Perry,20503
IL,Piatt,16714
IL,Pike,14342
IL,Pope,3707
IL,Pulaski,4911
IL,Putnam,5561
IL,Randolph,29815
IL,Richland,15488
IL,Rock Island,141236
IL,St. Clair,251018
IL,Saline,22873
IL,Sangamon,193491
IL,Schuyler,6733
IL,Scott,4710
IL,Shelby,20568
IL,Stark,5218
IL,Stephenson,43105
IL,Tazewell,129541
IL,Union,16667
IL,Vermilion,71652
IL,Wabash,10942
IL,Warren,16185
IL,Washington,13536
IL,Wayne,15761
IL,White,13401
IL,Whiteside,54498
IL,Will,700728
IL,Williamson,66706
IL,Winnebago,280922
IL,Woodford,38285
IN,Indiana,6862199
IN,Adams,36288
IN,Allen,394545
IN,Bartholomew,84003
IN,Benton,8729
IN,Blackford,11893
IN,Boone,76120
IN,Brown,15653
IN,Carroll,20525
IN,Cass,37666
IN,Clark,125467
IN,Clay,26460
IN,Clinton,32730
IN,Crawford,10438
IN,Daviess,33656
IN,Dearborn,51215
IN,Decatur,26399
IN,DeKalb,44198
IN,Delaware,112321
IN,Dubois,43546
IN,Elkhart,206409
IN,Fayette,23362
IN,Floyd,80809
IN,Fountain,16731
IN,Franklin,23096
IN,Fulton,20358
IN,Gibson,32904
IN,Grant,66200
IN,Greene,31196
IN,Hamilton,371645
IN,Hancock,86166
IN,Harrison,40006
IN,Hendricks,186387
IN,Henry,48929
IN,Howard,83831
IN,Huntington,36781
IN,Jackson,46460
IN,Jasper,33535
IN,Jay,20032
IN,Jefferson,33056
IN,Jennings,27622
IN,Johnson,167819
IN,Knox,36070
IN,Kosciusko,80364
IN,LaGrange,40907
IN,Lake,500598
IN,LaPorte,111706
IN,Lawrence,45084
IN,Madison,132504
IN,Marion,968460
IN,Marshall,46352
IN,Martin,9897
IN,Miami,35402
IN,Monroe,139342
IN,Montgomery,38573
IN,Morgan,73227
IN,Newton,13960
IN,Noble,47430
IN,Ohio,6004
IN,Orange,19638
IN,Owen,21532
IN,Parke,16484
IN,Perry,19209
IN,Pike,12106
IN,Porter,175335
IN,Posey,25040
IN,Pulaski,12385
IN,Putnam,37567
IN,Randolph,24216
IN,Ripley,29227
IN,Rush,16847
IN,St. Joseph,272848
IN,Scott,24657
IN,Shelby,45231
IN,Spencer,19910
IN,Starke,23206
IN,Steuben,34917
IN,Sullivan,20757
IN,Switzerland,10019
IN,Tippecanoe,188792
IN,Tipton,15256
IN,Union,6973
IN,Vanderburgh,179810
IN,Vermillion,15417
IN,Vigo,106153
IN,Wabash,30670
IN,Warren,8518
IN,Warrick,65867
IN,Washington,28205
IN,Wayne,66127
IN,Wells,28555
IN,White,24917
IN,Whitley,34742
IA,Adair,7389
IA,Adams,3544
IA,Allamakee,14074
IA,Appanoose,12119
IA,Audubon,5534
IA,Benton,25796
IA,Black Hawk,130471
IA,Boone,26590
IA,Bremer,25307
IA,Buchanan,20691
IA,Buena Vista,20567
IA,Butler,14172
IA,Calhoun,9763
IA,Carroll,20522
IA,Cass,13130
IA,Cedar,18302
IA,Cerro Gordo,42406
IA,Cherokee,11605
IA,Chickasaw,11658
IA,Clarke,9588
IA,Clay,16511
IA,Clayton,16969
IA,Clinton,46158
IA,Crawford,16013
IA,Dallas,111092
IA,Davis,9169
IA,Decatur,7665
IA,Delaware,17600
IA,Des Moines,38253
IA,Dickinson,18056
IA,Dubuque,98887
IA,Emmet,9229
IA,Fayette,19210
IA,Floyd,15326
IA,Franklin,9875
IA,Fremont,6458
IA,Greene,8584
IA,Grundy,12384
IA,Guthrie,10722
IA,Hamilton,14729
IA,Hancock,10615
IA,Hardin,16463
IA,Harrison,14670
IA,Henry,19547
IA,Howard,9376
IA,Humboldt,9500
IA,Ida,6833
IA,Iowa,16381
IA,Jackson,19342
IA,Jasper,37919
IA,Jefferson,15440
IA,Johnson,157528
IA,Jones,20900
IA,Keokuk,9914
IA,Kossuth,14396
IA,Lee,32565
IA,Linn,228972
IA,Louisa,10513
IA,Lucas,8747
IA,Lyon,12324
IA,Madison,16971
IA,Mahaska,21874
IA,Marion,33770
IA,Marshall,40014
IA,Mills,14633
IA,Mitchell,10518
IA,Monona,8493
IA,Monroe,7504
IA,Montgomery,10139
IA,Muscatine,42218
IA,O'Brien,14012
IA,Osceola,5978
IA,Page,15014
IA,Palo Alto,8810
IA,Plymouth,25722
IA,Pocahontas,6976
IA,Polk,505255
IA,Pottawattamie,93179
IA,Poweshiek,18453
IA,Ringgold,4642
IA,Sac,9686
IA,Scott,174270
IA,Shelby,11806
IA,Sioux,36246
IA,Story,98566
IA,Tama,16833
IA,Taylor,5924
IA,Union,11906
IA,Van Buren,7266
IA,Wapello,35166
IA,Warren,55205
IA,Washington,22560
IA,Wayne,6557
IA,Webster,36485
IA,Winnebago,10571
IA,Winneshiek,19815
IA,Woodbury,105951
IA,Worth,7297
IA,Wright,12656
KS,Kansas,2940546
KS,Allen,12412
KS,Anderson,7838
KS,Atchison,16016
KS,Barber,4071
KS,Barton,24899
KS,Bourbon,14408
KS,Brown,9250
KS,Butler,68632
KS,Chase,2579
KS,Chautauqua,3347
KS,Cherokee,19054
KS,Cheyenne,2636
KS,Clark,1847
KS,Clay,8007
KS,Cloud,8854
KS,Coffey,8251
KS,Comanche,1655
KS,Cowley,34157
KS,Crawford,38764
KS,Decatur,2712
KS,Dickinson,18445
KS,Doniphan,7493
KS,Douglas,120553
KS,Edwards,2733
KS,Elk,2467
KS,Ellis,28810
KS,Ellsworth,6357
KS,Finney,37466
KS,Ford,33980
KS,Franklin,26125
KS,Geary,35047
KS,Gove,2735
KS,Graham,2376
KS,Grant,7147
KS,Gray,5743
KS,Greeley,1181
KS,Greenwood,5870
KS,Hamilton,2437
KS,Harper,5435
KS,Harvey,33504
KS,Haskell,3630
KS,Hodgeman,1655
KS,Jackson,13368
KS,Jefferson,18327
KS,Jewell,2847
KS,Johnson,622237
KS,Kearny,3823
KS,Kingman,7066
KS,Kiowa,2374
KS,Labette,19728
KS,Lane,1529
KS,Leavenworth,83518
KS,Lincoln,2920
KS,Linn,9860
KS,Logan,2665
KS,Lyon,32172
KS,McPherson,30091
KS,Marion,11690
KS,Marshall,9933
KS,Meade,3911
KS,Miami,35320
KS,Mitchell,5719
KS,Montgomery,30568
KS,Morris,5334
KS,Morton,2580
KS,Nemaha,10114
KS,Neosho,15420
KS,Ness,2618
KS,Norton,5330
KS,Osage,15824
KS,Osborne,3427
KS,Ottawa,5818
KS,Pawnee,6126
KS,Phillips,4761
KS,Pottawatomie,26382
KS,Pratt,9082
KS,Rawlins,2463
KS,Reno,61497
KS,Republic,4627
KS,Rice,9260
KS,Riley,71402
KS,Rooks,4778
KS,Rush,2830
KS,Russell,6723
KS,Saline,53098
KS,Scott,4922
KS,Sedgwick,528469
KS,Seward,21067
KS,Shawnee,177746
KS,Sheridan,2423
KS,Sherman,5844
KS,Smith,3590
KS,Stafford,3909
KS,Stanton,1901
KS,Stevens,5077
KS,Sumner,22334
KS,Thomas,7865
KS,Trego,2731
KS,Wabaunsee,7057
KS,Wallace,1509
KS,Washington,5504
KS,Wichita,2082
KS,Wilson,8382
KS,Woodson,3115
KS,Wyandotte,165281
KY,Kentucky,4526154
KY,Adair,19264
KY,Allen,21788
KY,Anderson,24613
KY,Ballard,7582
KY,Barren,45008
KY,Bath,12975
KY,Bell,23317
KY,Boone,140496
KY,Bourbon,20134
KY,Boyd,47826
KY,Boyle,30988
KY,Bracken,8426
KY,Breathitt,12953
KY,Breckinridge,21124
KY,Bullitt,84863
KY,Butler,12375
KY,Caldwell,12551
KY,Calloway,38280
KY,Campbell,93702
KY,Carlisle,4704
KY,Carroll,10987
KY,Carter,26366
KY,Casey,15918
KY,Christian,72032
KY,Clark,37304
KY,Clay,19648
KY,Clinton,9148
KY,Crittenden,8974
KY,Cumberland,6000
KY,Daviess,103458
KY,Edmonson,12448
KY,Elliott,7245
KY,Estill,13936
KY,Fayette,320154
KY,Fleming,15442
KY,Floyd,34423
KY,Franklin,51644
KY,Fulton,6338
KY,Gallatin,8792
KY,Garrard,17829
KY,Grant,25619
KY,Graves,36461
KY,Grayson,26825
KY,Green,11468
KY,Greenup,35221
KY,Hancock,8920
KY,Hardin,112273
KY,Harlan,25324
KY,Harrison,19415
KY,Hart,19724
KY,Henderson,44119
KY,Henry,15973
KY,Hickman,4447
KY,Hopkins,44929
KY,Jackson,13104
KY,Jefferson,772144
KY,Jessamine,55017
KY,Johnson,22116
KY,Kenton,171321
KY,Knott,13659
KY,Knox,29794
KY,Larue,15303
KY,Laurel,63296
KY,Lawrence,16000
KY,Lee,7293
KY,Leslie,9864
KY,Letcher,20423
KY,Lewis,12973
KY,Lincoln,24776
KY,Livingston,8892
KY,Logan,28283
KY,Lyon,9187
KY,McCracken,67428
KY,McCreary,17050
KY,McLean,9054
KY,Madison,96735
KY,Magoffin,11228
KY,Marion,19834
KY,Marshall,31744
KY,Martin,10928
KY,Mason,16841
KY,Meade,30131
KY,Menifee,6286
KY,Mercer,23097
KY,Metcalfe,10482
KY,Monroe,11306
KY,Montgomery,28527
KY,Morgan,14283
KY,Muhlenberg,30568
KY,Nelson,47730
KY,Nicholas,7686
KY,Ohio,23626
KY,Oldham,70183
KY,Owen,11313
KY,Owsley,4001
KY,Pendleton,14810
KY,Perry,27133
KY,Pike,55973
KY,Powell,12972
KY,Pulaski,66191
KY,Robertson,2313
KY,Rockcastle,16190
KY,Rowan,24409
KY,Russell,18279
KY,Scott,60168
KY,Shelby,49515
KY,Simpson,20195
KY,Spencer,20531
KY,Taylor,26443
KY,Todd,12494
KY,Trigg,14369
KY,Trimble,8607
KY,Union,13106
KY,Warren,142229
KY,Washington,12267
KY,Wayne,19580
KY,Webster,12726
KY,Whitley,36825
KY,Wolfe,6282
KY,Woodford,27268
LA,Louisiana,4573749
LA,Acadia Parish,56489
LA,Allen Parish,22112
LA,Ascension Parish,131632
LA,Assumption Parish,20160
LA,Avoyelles Parish,38408
LA,Beauregard Parish,36827
LA,Bienville Parish,12366
LA,Bossier Parish,129795
LA,Caddo Parish,226386
LA,Calcasieu Parish,203761
LA,Caldwell Parish,9389
LA,Cameron Parish,4768
LA,Catahoula Parish,8414
LA,Claiborne Parish,13670
LA,Concordia Parish,17688
LA,De Soto Parish,27114
LA,East Baton Rouge Parish,448467
LA,East Carroll Parish,6829
LA,East Feliciana Parish,19229
LA,Evangeline Parish,31754
LA,Franklin Parish,19285
LA,Grant Parish,21911
LA,Iberia Parish,67659
LA,Iberville Parish,29617
LA,Jackson Parish,14746
LA,Jefferson Parish,421777
LA,Jefferson Davis Parish,31553
LA,Lafayette Parish,249750
LA,Lafourche Parish,95056
LA,LaSalle Parish,14800
LA,Lincoln Parish,47962
LA,Livingston Parish,150145
LA,Madison Parish,9246
LA,Morehouse Parish,23955
LA,Natchitoches Parish,36291
LA,Orleans Parish,364136
LA,Ouachita Parish,157568
LA,Plaquemines Parish,22386
LA,Pointe Coupee Parish,20000
LA,Rapides Parish,126260
LA,Red River Parish,7356
LA,Richland Parish,19712
LA,Sabine Parish,21906
LA,St. Bernard Parish,44463
LA,St. Charles Parish,50620
LA,St. Helena Parish,10774
LA,St. James Parish,19191
LA,St. John the Baptist Parish,39592
LA,St. Landry Parish,81464
LA,St. Martin Parish,51057
LA,St. Mary Parish,47055
LA,St. Tammany Parish,275583
LA,Tangipahoa Parish,138064
LA,Tensas Parish,3764
LA,Terrebonne Parish,103616
LA,Union Parish,20650
LA,Vermilion Parish,56992
LA,Vernon Parish,46250
LA,Washington Parish,44865
LA,Webster Parish,35238
LA,West Baton Rouge Parish,28266
LA,West Carroll Parish,9323
LA,West Feliciana Parish,15371
LA,Winn Parish,13216
ME,Maine,1395722
ME,Androscoggin,113765
ME,Aroostook,67351
ME,Cumberland,310230
ME,Franklin,30828
ME,Hancock,56526
ME,Kennebec,127259
ME,Knox,40977
ME,Lincoln,36507
ME,Oxford,59905
ME,Penobscot,155312
ME,Piscataquis,17486
ME,Sagadahoc,37513
ME,Somerset,51302
ME,Waldo,40620
ME,Washington,31555
ME,York,218586
MD,Maryland,6180253
MD,Allegany,67273
MD,Anne Arundel,594582
MD,Baltimore,844703
MD,Calvert,94728
MD,Caroline,33593
MD,Carroll,176639
MD,Cecil,105672
MD,Charles,171973
MD,Dorchester,32879
MD,Frederick,293391
MD,Garrett,28423
MD,Harford,264644
MD,Howard,336001
MD,Kent,19303
MD,Montgomery,1058474
MD,Prince George's,947430
MD,Queen Anne's,52508
MD,St. Mary's,115281
MD,Somerset,24910
MD,Talbot,37823
MD,Washington,155813
MD,Wicomico,104800
MD,Worcester,54171
MD,Baltimore city,565239
MA,Massachusetts,7001399
MA,Barnstable,231735
MA,Berkshire,126818
MA,Bristol,581841
MA,Dukes,20819
MA,Essex,810089
MA,Franklin,70836
MA,Hampden,460291
MA,Hampshire,162502
MA,Middlesex,1623952
MA,Nantucket,14444
MA,Norfolk,727473
MA,Plymouth,535308
MA,Suffolk,768425
MA,Worcester,866866
MI,Michigan,10037261
MI,Alcona,10489
MI,Alger,8757
MI,Allegan,121939
MI,Alpena,28904
MI,Antrim,24409
MI,Arenac,15145
MI,Baraga,8310
MI,Barry,63808
MI,Bay,102500
MI,Benzie,18441
MI,Berrien,152261
MI,Branch,45215
MI,Calhoun,133366
MI,Cass,51642
MI,Charlevoix,26159
MI,Cheboygan,26048
MI,Chippewa,36264
MI,Clare,31316
MI,Clinton,79720
MI,Crawford,13538
MI,Delta,36790
MI,Dickinson,25982
MI,Eaton,108820
MI,Emmet,34123
MI,Genesee,401522
MI,Gladwin,25853
MI,Gogebic,14224
MI,Grand Traverse,96421
MI,Gratiot,41368
MI,Hillsdale,45587
MI,Houghton,37599
MI,Huron,30927
MI,Ingham,284637
MI,Ionia,66262
MI,Iosco,25373
MI,Iron,11740
MI,Isabella,64118
MI,Jackson,159424
MI,Kalamazoo,262215
MI,Kalkaska,18490
MI,Kent,661354
MI,Keweenaw,2172
MI,Lake,12734
MI,Lapeer,88977
MI,Leelanau,23019
MI,Lenawee,97520
MI,Livingston,196757
MI,Luce,6435
MI,Mackinac,10851
MI,Macomb,875101
MI,Manistee,25562
MI,Marquette,66999
MI,Mason,29159
MI,Mecosta,41099
MI,Menominee,22945
MI,Midland,84039
MI,Missaukee,15311
MI,Monroe,155045
MI,Montcalm,68154
MI,Montmorency,9678
MI,Muskegon,176564
MI,Newaygo,51108
MI,Oakland,1270426
MI,Oceana,26981
MI,Ogemaw,20990
MI,Ontonagon,5906
MI,Osceola,23330
MI,Oscoda,8545
MI,Otsego,25747
MI,Ottawa,303372
MI,Presque Isle,13285
MI,Roscommon,23863
MI,Saginaw,187782
MI,St. Clair,159874
MI,St. Joseph,60878
MI,Sanilac,40368
MI,Schoolcraft,8149
MI,Shiawassee,68025
MI,Tuscola,52826
MI,Van Buren,75798
MI,Washtenaw,365536
MI,Wayne,1751169
MI,Wexford,34122
MN,Minnesota,5737915
MN,Aitkin,16102
MN,Anoka,372441
MN,Becker,35283
MN,Beltrami,46718
MN,Benton,41600
MN,Big Stone,5105
MN,Blue Earth,70006
MN,Brown,25628
MN,Carlton,36825
MN,Carver,111057
MN,Cass,31446
MN,Chippewa,12172
MN,Chisago,58535
MN,Clay,66258
MN,Clearwater,8644
MN,Cook,5639
MN,Cottonwood,11319
MN,Crow Wing,68304
MN,Dakota,447440
MN,Dodge,21088
MN,Douglas,39953
MN,Faribault,13873
MN,Fillmore,21522
MN,Freeborn,30515
MN,Goodhue,48035
MN,Grant,6139
MN,Hennepin,1258713
MN,Houston,18582
MN,Hubbard,22132
MN,Isanti,43182
MN,Itasca,45365
MN,Jackson,9919
MN,Kanabec,16602
MN,Kandiyohi,43813
MN,Kittson,4060
MN,Koochiching,11751
MN,Lac qui Parle,6630
MN,Lake,10855
MN,Lake of the Woods,3778
MN,Le Sueur,29255
MN,Lincoln,5521
MN,Lyon,25427
MN,McLeod,36785
MN,Mahnomen,5280
MN,Marshall,8810
MN,Martin,19657
MN,Meeker,23490
MN,Mille Lacs,27427
MN,Morrison,34250
MN,Mower,40058
MN,Murray,8049
MN,Nicollet,34242
MN,Nobles,21727
MN,Norman,6329
MN,Olmsted,164784
MN,Otter Tail,60626
MN,Pennington,13714
MN,Pine,30197
MN,Pipestone,9245
MN,Polk,30412
MN,Pope,11400
MN,Ramsey,536075
MN,Red Lake,3911
MN,Redwood,15288
MN,Renville,14348
MN,Rice,67948
MN,Rock,9551
MN,Roseau,15252
MN,St. Louis,200514
MN,Scott,155814
MN,Sherburne,102206
MN,Sibley,15084
MN,Stearns,160977
MN,Steele,37421
MN,Stevens,9728
MN,Swift,9719
MN,Todd,25667
MN,Traverse,3136
MN,Wabasha,21683
MN,Wadena,14241
MN,Waseca,18981
MN,Washington,278936
MN,Watonwan,11077
MN,Wilkin,6306
MN,Winona,49721
MN,Wright,151150
MN,Yellow Medicine,9467
MS,Mississippi,2939690
MS,Adams,28746
MS,Alcorn,34135
MS,Amite,12442
MS,Attala,17359
MS,Benton,7438
MS,Bolivar,28968
MS,Calhoun,12685
MS,Carroll,9535
MS,Chickasaw,16866
MS,Choctaw,8088
MS,Claiborne,8617
MS,Clarke,15228
MS,Clay,18206
MS,Coahoma,20077
MS,Copiah,27664
MS,Covington,18059
MS,DeSoto,193247
MS,Forrest,78208
MS,Franklin,7610
MS,George,25619
MS,Greene,13601
MS,Grenada,21065
MS,Hancock,46159
MS,Harrison,210612
MS,Hinds,214870
MS,Holmes,15777
MS,Humphreys,7216
MS,Issaquena,1256
MS,Itawamba,24093
MS,Jackson,146389
MS,Jasper,16013
MS,Jefferson,6941
MS,Jefferson Davis,10969
MS,Jones,66250
MS,Kemper,8584
MS,Lafayette,58467
MS,Lamar,66217
MS,Lauderdale,70527
MS,Lawrence,11741
MS,Leake,21258
MS,Lee,82799
MS,Leflore,26378
MS,Lincoln,34702
MS,Lowndes,57283
MS,Madison,112511
MS,Marion,24224
MS,Marshall,34123
MS,Monroe,33609
MS,Montgomery,9600
MS,Neshoba,28789
MS,Newton,21019
MS,Noxubee,9914
MS,Oktibbeha,51203
MS,Panola,32669
MS,Pearl River,57978
MS,Perry,11315
MS,Pike,39394
MS,Pontotoc,31535
MS,Prentiss,25135
MS,Quitman,5546
MS,Rankin,160417
MS,Scott,27507
MS,Sharkey,3336
MS,Simpson,25715
MS,Smith,14099
MS,Stone,18756
MS,Sunflower,24468
MS,Tallahatchie,11837
MS,Tate,28261
MS,Tippah,21287
MS,Tishomingo,18507
MS,Tunica,9234
MS,Union,28284
MS,Walthall,13863
MS,Warren,42298
MS,Washington,41946
MS,Wayne,19703
MS,Webster,9988
MS,Wilkinson,8058
MS,Winston,17416
MS,Yalobusha,12386
MS,Yazoo,25796
MO,Missouri,6196156
MO,Adair,25122
MO,Andrew,18127
MO,Atchison,5107
MO,Audrain,24394
MO,Barry,35265
MO,Barton,11731
MO,Bates,16242
MO,Benton,20552
MO,Bollinger,10544
MO,Boone,189463
MO,Buchanan,82956
MO,Butler,41948
MO,Caldwell,8955
MO,Callaway,44731
MO,Camden,44044
MO,Cape Girardeau,82984
MO,Carroll,8391
MO,Carter,5303
MO,Cass,111732
MO,Cedar,14672
MO,Chariton,7399
MO,Christian,94422
MO,Clark,6641
MO,Clay,259772
MO,Clinton,21548
MO,Cole,77278
MO,Cooper,16947
MO,Crawford,22719
MO,Dade,7716
MO,Dallas,17768
MO,Daviess,8551
MO,DeKalb,9899
MO,Dent,14647
MO,Douglas,12228
MO,Dunklin,27032
MO,Franklin,106404
MO,Gasconade,14705
MO,Gentry,6287
MO,Greene,304611
MO,Grundy,9815
MO,Harrison,8220
MO,Henry,22485
MO,Hickory,8718
MO,Holt,4248
MO,Howard,10101
MO,Howell,40735
MO,Iron,9440
MO,Jackson,718560
MO,Jasper,125056
MO,Jefferson,231230
MO,Johnson,54962
MO,Knox,3723
MO,Laclede,36680
MO,Lafayette,33196
MO,Lawrence,38872
MO,Lewis,9818
MO,Lincoln,64699
MO,Linn,11791
MO,Livingston,14557
MO,McDonald,23903
MO,Macon,15161
MO,Madison,12698
MO,Maries,8430
MO,Marion,28336
MO,Mercer,3469
MO,Miller,25590
MO,Mississippi,11822
MO,Moniteau,15256
MO,Monroe,8698
MO,Montgomery,11459
MO,Morgan,21970
MO,New Madrid,15424
MO,Newton,60677
MO,Nodaway,20695
MO,Oregon,8720
MO,Osage,13468
MO,Ozark,8970
MO,Pemiscot,14613
MO,Perry,18950
MO,Pettis,43530
MO,Phelps,45284
MO,Pike,17935
MO,Platte,111940
MO,Polk,32780
MO,Pulaski,53812
MO,Putnam,4638
MO,Ralls,10489
MO,Randolph,24109
MO,Ray,23182
MO,Reynolds,5950
MO,Ripley,10806
MO,St. Charles,416659
MO,St. Clair,9752
MO,Ste. Genevieve,18642
MO,St. Francois,67058
MO,St. Louis,987059
MO,Saline,23049
MO,Schuyler,4053
MO,Scotland,4676
MO,Scott,37889
MO,Shannon,7238
MO,Shelby,5931
MO,Stoddard,28397
MO,Stone,32658
MO,Sullivan,5797
MO,Taney,56775
MO,Texas,25619
MO,Vernon,19710
MO,Warren,37806
MO,Washington,23534
MO,Wayne,10811
MO,Webster,41472
MO,Worth,1907
MO,Wright,19403
MO,St. Louis city,281754
MT,Montana,1132812
MT,Beaverhead,9885
MT,Big Horn,12751
MT,Blaine,6899
MT,Broadwater,8032
MT,Carbon,11419
MT,Carter,1418
MT,Cascade,84900
MT,Chouteau,5847
MT,Custer,11985
MT,Daniels,1633
MT,Dawson,8810
MT,Deer Lodge,9673
MT,Fallon,2994
MT,Fergus,11772
MT,Flathead,113679
MT,Gallatin,126409
MT,Garfield,1211
MT,Glacier,13609
MT,Golden Valley,835
MT,Granite,3595
MT,Hill,16276
MT,Jefferson,13048
MT,Judith Basin,2093
MT,Lake,33338
MT,Lewis and Clark,75011
MT,Liberty,1974
MT,Lincoln,21895
MT,McCone,1676
MT,Madison,9521
MT,Meagher,2071
MT,Mineral,5090
MT,Missoula,121849
MT,Musselshell,5308
MT,Park,17903
MT,Petroleum,554
MT,Phillips,4249
MT,Pondera,6125
MT,Powder River,1743
MT,Powell,7133
MT,Prairie,1112
MT,Ravalli,47738
MT,Richland,11173
MT,Roosevelt,10319
MT,Rosebud,8160
MT,Sanders,13684
MT,Sheridan,3498
MT,Silver Bow,36360
MT,Stillwater,9173
MT,Sweet Grass,3763
MT,Teton,6430
MT,Toole,5133
MT,Treasure,772
MT,Valley,7474
MT,Wheatland,2057
MT,Wibaux,910
MT,Yellowstone,170843
NE,Nebraska,1978379
NE,Adams,30899
NE,Antelope,6302
NE,Arthur,412
NE,Banner,674
NE,Blaine,436
NE,Boone,5310
NE,Box Butte,10692
NE,Boyd,1725
NE,Brown,2853
NE,Buffalo,50697
NE,Burt,6727
NE,Butler,8459
NE,Cass,27446
NE,Cedar,8262
NE,Chase,3724
NE,Cherry,5492
NE,Cheyenne,9541
NE,Clay,6116
NE,Colfax,10566
NE,Cuming,8918
NE,Custer,10581
NE,Dakota,21268
NE,Dawes,8133
NE,Dawson,24085
NE,Deuel,1871
NE,Dixon,5491
NE,Dodge,37187
NE,Douglas,589540
NE,Dundy,1561
NE,Fillmore,5548
NE,Franklin,2825
NE,Frontier,2585
NE,Furnas,4556
NE,Gage,21634
NE,Garden,1794
NE,Garfield,1763
NE,Gosper,1847
NE,Grant,565
NE,Greeley,2219
NE,Hall,62197
NE,Hamilton,9537
NE,Harlan,3045
NE,Hayes,846
NE,Hitchcock,2552
NE,Holt,10093
NE,Hooker,679
NE,Howard,6527
NE,Jefferson,7054
NE,Johnson,5198
NE,Kearney,6770
NE,Keith,8113
NE,Keya Paha,805
NE,Kimball,3289
NE,Knox,8298
NE,Lancaster,326716
NE,Lincoln,33365
NE,Logan,655
NE,Loup,592
NE,McPherson,383
NE,Madison,35627
NE,Merrick,7755
NE,Morrill,4504
NE,Nance,3274
NE,Nemaha,7076
NE,Nuckolls,4095
NE,Otoe,16335
NE,Pawnee,2512
NE,Perkins,2795
NE,Phelps,9057
NE,Pierce,7299
NE,Platte,34609
NE,Polk,5228
NE,Red Willow,10457
NE,Richardson,7689
NE,Rock,1271
NE,Saline,14555
NE,Sarpy,199886
NE,Saunders,23463
NE,Scotts Bluff,35699
NE,Seward,17671
NE,Sheridan,4928
NE,Sherman,2983
NE,Sioux,1154
NE,Stanton,5856
NE,Thayer,4829
NE,Thomas,677
NE,Thurston,6557
NE,Valley,4012
NE,Washington,21152
NE,Wayne,9874
NE,Webster,3351
NE,Wheeler,775
NE,York,14356
NV,Nevada,3194176
NV,Churchill,25803
NV,Clark,2336573
NV,Douglas,49545
NV,Elko,54293
NV,Esmeralda,736
NV,Eureka,1917
NV,Humboldt,17136
NV,Lander,5769
NV,Lincoln,4452
NV,Lyon,62583
NV,Mineral,4528
NV,Nye,55720
NV,Pershing,6364
NV,Storey,4177
NV,Washoe,498022
NV,White Pine,8522
NV,Carson City,58036
NH,New Hampshire,1402054
NH,Belknap,65027
NH,Carroll,52448
NH,Cheshire,77703
NH,Coos,31372
NH,Grafton,93146
NH,Hillsborough,427354
NH,Merrimack,157103
NH,Rockingham,320689
NH,Strafford,133243
NH,Sullivan,43969
NJ,New Jersey,9290841
NJ,Atlantic,275213
NJ,Bergen,957736
NJ,Burlington,469167
NJ,Camden,527196
NJ,Cape May,94610
NJ,Cumberland,152326
NJ,Essex,851117
NJ,Gloucester,308423
NJ,Hudson,705472
NJ,Hunterdon,130183
NJ,Mercer,381671
NJ,Middlesex,863623
NJ,Monmouth,642799
NJ,Morris,514423
NJ,Ocean,659197
NJ,Passaic,513395
NJ,Salem,65338
NJ,Somerset,348842
NJ,Sussex,146132
NJ,Union,572726
NJ,Warren,111252
NM,New Mexico,2114371
NM,Bernalillo,671586
NM,Catron,3825
NM,Chaves,63561
NM,Cibola,26780
NM,Colfax,12255
NM,Curry,47222
NM,De Baca,1657
NM,Doña Ana,225210
NM,Eddy,60275
NM,Grant,27472
NM,Guadalupe,4292
NM,Harding,624
NM,Hidalgo,3965
NM,Lea,72101
NM,Lincoln,20029
NM,Los Alamos,19444
NM,Luna,25316
NM,McKinley,68797
NM,Mora,4123
NM,Otero,68835
NM,Quay,8510
NM,Rio Arriba,39876
NM,Roosevelt,18787
NM,Sandoval,155936
NM,San Juan,120675
NM,San Miguel,26668
NM,Santa Fe,155956
NM,Sierra,11488
NM,Socorro,15963
NM,Taos,34405
NM,Torrance,15633
NM,Union,3964
NM,Valencia,79141
NY,Albany,316659
NY,Allegany,46651
NY,Bronx,1356476
NY,Broome,196077
NY,Cattaraugus,75600
NY,Cayuga,74485
NY,Chautauqua,124891
NY,Chemung,81325
NY,Chenango,45920
NY,Clinton,78115
NY,Columbia,60470
NY,Cortland,45752
NY,Delaware,44410
NY,Dutchess,297150
NY,Erie,946147
NY,Essex,36775
NY,Franklin,46502
NY,Fulton,52234
NY,Genesee,57529
NY,Greene,47062
NY,Hamilton,5082
NY,Herkimer,59484
NY,Jefferson,114787
NY,Kings,2561225
NY,Lewis,26548
NY,Livingston,61158
NY,Madison,66921
NY,Monroe,748482
NY,Montgomery,49368
NY,Nassau,1381715
NY,New York,1597451
NY,Niagara,209457
NY,Oneida,227555
NY,Onondaga,467873
NY,Ontario,112494
NY,Orange,407470
NY,Orleans,39124
NY,Oswego,118162
NY,Otsego,60126
NY,Putnam,98060
NY,Queens,2252196
NY,Rensselaer,159305
NY,Richmond,490687
NY,Rockland,340807
NY,St. Lawrence,106940
NY,Saratoga,238711
NY,Schenectady,159902
NY,Schoharie,30105
NY,Schuyler,17507
NY,Seneca,32349
NY,Steuben,92162
NY,Suffolk,1523170
NY,Sullivan,79920
NY,Tioga,47715
NY,Tompkins,103558
NY,Ulster,182333
NY,Warren,65380
NY,Washington,60047
NY,Wayne,90829
NY,Westchester,990817
NY,Wyoming,39532
NY,Yates,24472
NC,North Carolina,10835491
NC,Alamance,179165
NC,Alexander,36473
NC,Alleghany,11342
NC,Anson,21897
NC,Ashe,27063
NC,Avery,17561
NC,Beaufort,44481
NC,Bertie,16922
NC,Bladen,29484
NC,Brunswick,159964
NC,Buncombe,275901
NC,Burke,88338
NC,Cabarrus,240016
NC,Caldwell,80574
NC,Camden,11137
NC,Carteret,69615
NC,Caswell,22807
NC,Catawba,164645
NC,Chatham,81624
NC,Cherokee,29959
NC,Chowan,13891
NC,Clay,11864
NC,Cleveland,101378
NC,Columbus,50121
NC,Craven,102391
NC,Cumberland,337890
NC,Currituck,31593
NC,Dare,38110
NC,Davidson,174804
NC,Davie,44599
NC,Duplin,49520
NC,Durham,336892
NC,Edgecombe,48832
NC,Forsyth,392921
NC,Franklin,77001
NC,Gaston,237242
NC,Gates,10343
NC,Graham,8052
NC,Granville,62192
NC,Greene,20530
NC,Guilford,549866
NC,Halifax,47298
NC,Harnett,141477
NC,Haywood,62969
NC,Henderson,119230
NC,Hertford,19453
NC,Hoke,54446
NC,Hyde,4607
NC,Iredell,199710
NC,Jackson,44574
NC,Johnston,241955
NC,Jones,9401
NC,Lee,67059
NC,Lenoir,54895
NC,Lincoln,95675
NC,McDowell,44893
NC,Macon,38412
NC,Madison,22071
NC,Martin,21447
NC,Mecklenburg,1163701
NC,Mitchell,14999
NC,Montgomery,26085
NC,Moore,106898
NC,Nash,96551
NC,New Hanover,238852
NC,Northampton,16715
NC,Onslow,213676
NC,Orange,150626
NC,Pamlico,12423
NC,Pasquotank,41444
NC,Pender,68521
NC,Perquimans,13377
NC,Person,39737
NC,Pitt,175119
NC,Polk,20060
NC,Randolph,147458
NC,Richmond,42324
NC,Robeson,117365
NC,Rockingham,92518
NC,Rowan,151661
NC,Rutherford,65507
NC,Sampson,59601
NC,Scotland,34376
NC,Stanly,65699
NC,Stokes,45532
NC,Surry,71462
NC,Swain,13916
NC,Transylvania,33549
NC,Tyrrell,3461
NC,Union,256452
NC,Vance,42301
NC,Wake,1190275
NC,Warren,18836
NC,Washington,10713
NC,Watauga,54748
NC,Wayne,118686
NC,Wilkes,66013
NC,Wilson,78970
NC,Yadkin,37774
NC,Yancey,18938
ND,North Dakota,783926
ND,Adams,2163
ND,Barnes,10726
ND,Benson,5745
ND,Billings,1034
ND,Bottineau,6349
ND,Bowman,2867
ND,Burke,2134
ND,Burleigh,100012
ND,Cass,196362
ND,Cavalier,3596
ND,Dickey,4900
ND,Divide,2135
ND,Dunn,4019
ND,Eddy,2263
ND,Emmons,3224
ND,Foster,3309
ND,Golden Valley,1743
ND,Grand Forks,72708
ND,Grant,2215
ND,Griggs,2248
ND,Hettinger,2415
ND,Kidder,2342
ND,LaMoure,4096
ND,Logan,1869
ND,McHenry,5131
ND,McIntosh,2488
ND,McKenzie,14252
ND,McLean,9832
ND,Mercer,8309
ND,Morton,33895
ND,Mountrail,9383
ND,Nelson,2991
ND,Oliver,1879
ND,Pembina,6661
ND,Pierce,3902
ND,Ramsey,11463
ND,Ransom,5603
ND,Renville,2279
ND,Richland,16558
ND,Rolette,11728
ND,Sargent,3776
ND,Sheridan,1266
ND,Sioux,3643
ND,Slope,674
ND,Stark,33001
ND,Steele,1782
ND,Stutsman,21392
ND,Towner,2030
ND,Traill,7908
ND,Walsh,10305
ND,Ward,68332
ND,Wells,3876
ND,Williams,39113
OH,Ohio,11785935
OH,Adams,27521
OH,Allen,100838
OH,Ashland,52190
OH,Ashtabula,96845
OH,Athens,62706
OH,Auglaize,46050
OH,Belmont,64918
OH,Brown,43777
OH,Butler,393043
OH,Carroll,26758
OH,Champaign,38845
OH,Clark,134610
OH,Clermont,211972
OH,Clinton,41938
OH,Columbiana,100182
OH,Coshocton,36869
OH,Crawford,41529
OH,Cuyahoga,1233088
OH,Darke,51415
OH,Defiance,38315
OH,Delaware,231636
OH,Erie,74035
OH,Fairfield,165360
OH,Fayette,28817
OH,Franklin,1326063
OH,Fulton,42007
OH,Gallia,28986
OH,Geauga,95407
OH,Greene,169691
OH,Guernsey,38089
OH,Hamilton,827058
OH,Hancock,74704
OH,Hardin,30368
OH,Harrison,14159
OH,Henry,27520
OH,Highland,43614
OH,Hocking,27540
OH,Holmes,44386
OH,Huron,58199
OH,Jackson,32606
OH,Jefferson,64026
OH,Knox,63320
OH,Lake,231640
OH,Lawrence,56118
OH,Licking,183201
OH,Logan,46057
OH,Lorain,317910
OH,Lucas,425484
OH,Madison,44602
OH,Mahoning,225596
OH,Marion,64851
OH,Medina,184042
OH,Meigs,21767
OH,Mercer,42439
OH,Miami,110876
OH,Monroe,13153
OH,Montgomery,533796
OH,Morgan,13646
OH,Morrow,35595
OH,Muskingum,86305
OH,Noble,14311
OH,Ottawa,39803
OH,Paulding,18706
OH,Perry,35551
OH,Pickaway,61086
OH,Pike,27001
OH,Portage,162665
OH,Preble,40556
OH,Putnam,34199
OH,Richland,125064
OH,Ross,76501
OH,Sandusky,58709
OH,Scioto,71969
OH,Seneca,54527
OH,Shelby,47765
OH,Stark,372716
OH,Summit,535733
OH,Trumbull,200373
OH,Tuscarawas,91874
OH,Union,69637
OH,Van Wert,28704
OH,Vinton,12474
OH,Warren,252148
OH,Washington,58577
OH,Wayne,116510
OH,Williams,36591
OH,Wood,132650
OH,Wyandot,21457
OK,Adair,19627
OK,Alfalfa,5673
OK,Atoka,14525
OK,Beaver,5018
OK,Beckham,22042
OK,Blaine,8539
OK,Bryan,48967
OK,Caddo,26214
OK,Canadian,175829
OK,Carter,48596
OK,Cherokee,48185
OK,Choctaw,14276
OK,Cimarron,2191
OK,Cleveland,301193
OK,Coal,5266
OK,Comanche,121574
OK,Cotton,5427
OK,Craig,14494
OK,Creek,73332
OK,Custer,28266
OK,Delaware,41703
OK,Dewey,4286
OK,Ellis,3648
OK,Garfield,62023
OK,Garvin,25865
OK,Grady,57375
OK,Grant,4083
OK,Greer,5466
OK,Harmon,2392
OK,Harper,3190
OK,Haskell,11832
OK,Hughes,13436
OK,Jackson,24669
OK,Jefferson,5347
OK,Johnston,10216
OK,Kay,43641
OK,Kingfisher,15481
OK,Kiowa,8398
OK,Latimer,9526
OK,Le Flore,49596
OK,Lincoln,34562
OK,Logan,53029
OK,Love,10296
OK,McClain,47072
OK,McCurtain,30660
OK,McIntosh,19603
OK,Major,7581
OK,Marshall,15970
OK,Mayes,39889
OK,Murray,13754
OK,Muskogee,66677
OK,Noble,10832
OK,Nowata,9438
OK,Okfuskee,11300
OK,Oklahoma,808866
OK,Okmulgee,37035
OK,Osage,46130
OK,Ottawa,30287
OK,Pawnee,15864
OK,Payne,83352
OK,Pittsburg,43479
OK,Pontotoc,38396
OK,Pottawatomie,73791
OK,Pushmataha,10800
OK,Roger Mills,3295
OK,Rogers,100248
OK,Seminole,23565
OK,Sequoyah,40291
OK,Stephens,44014
OK,Texas,20371
OK,Tillman,6869
OK,Tulsa,682868
OK,Wagoner,89280
OK,Washington,53706
OK,Washita,10736
OK,Woods,8564
OK,Woodward,19947
OR,Oregon,4233358
OR,Baker,16912
OR,Benton,97713
OR,Clackamas,423173
OR,Clatsop,41102
OR,Columbia,53880
OR,Coos,64212
OR,Crook,26952
OR,Curry,23296
OR,Deschutes,208513
OR,Douglas,112435
OR,Gilliam,2026
OR,Grant,7215
OR,Harney,7440
OR,Hood River,23745
OR,Jackson,220768
OR,Jefferson,25454
OR,Josephine,87821
OR,Klamath,70003
OR,Lake,8293
OR,Lane,381181
OR,Lincoln,50821
OR,Linn,131496
OR,Malheur,32044
OR,Marion,346741
OR,Morrow,12302
OR,Multnomah,789698
OR,Polk,89805
OR,Sherman,1951
OR,Tillamook,27417
OR,Umatilla,80053
OR,Union,25944
OR,Wallowa,7674
OR,Wasco,26333
OR,Washington,598865
OR,Wheeler,1436
OR,Yamhill,108644
PA,Pennsylvania,12961683
PA,Adams,106748
PA,Allegheny,1224825
PA,Armstrong,64074
PA,Beaver,165631
PA,Bedford,47350
PA,Berks,432821
PA,Blair,120273
PA,Bradford,59695
PA,Bucks,645984
PA,Butler,198413
PA,Cambria,130668
PA,Cameron,4380
PA,Carbon,65458
PA,Centre,157795
PA,Chester,549784
PA,Clarion,36970
PA,Clearfield,77090
PA,Clinton,37607
PA,Columbia,65439
PA,Crawford,82001
PA,Cumberland,270738
PA,Dauphin,289234
PA,Delaware,576720
PA,Elk,30198
PA,Erie,267571
PA,Fayette,123915
PA,Forest,6449
PA,Franklin,157854
PA,Fulton,14468
PA,Greene,34357
PA,Huntingdon,43514
PA,Indiana,83094
PA,Jefferson,43612
PA,Juniata,23243
PA,Lackawanna,216123
PA,Lancaster,558589
PA,Lawrence,84472
PA,Lebanon,144252
PA,Lehigh,377754
PA,Luzerne,327388
PA,Lycoming,112724
PA,McKean,39519
PA,Mercer,108503
PA,Mifflin,45922
PA,Monroe,166053
PA,Montgomery,868742
PA,Montour,17860
PA,Northampton,319091
PA,Northumberland,90120
PA,Perry,46083
PA,Philadelphia,1550542
PA,Pike,61247
PA,Potter,15999
PA,Schuylkill,143786
PA,Snyder,39717
PA,Somerset,72197
PA,Sullivan,5834
PA,Susquehanna,38109
PA,Tioga,40840
PA,Union,42042
PA,Venango,49431
PA,Warren,37572
PA,Washington,210232
PA,Wayne,51262
PA,Westmoreland,351163
PA,Wyoming,25902
PA,York,464640
RI,Rhode Island,1095962
RI,Bristol,50255
RI,Kent,171278
RI,Newport,83832
RI,Providence,660615
RI,Washington,129982
SC,South Carolina,5373555
SC,Abbeville,24434
SC,Aiken,177130
SC,Allendale,7369
SC,Anderson,213076
SC,Bamberg,12974
SC,Barnwell,20447
SC,Beaufort,198979
SC,Berkeley,255217
SC,Calhoun,14186
SC,Charleston,424367
SC,Cherokee,56714
SC,Chester,32226
SC,Chesterfield,44031
SC,Clarendon,31004
SC,Colleton,38874
SC,Darlington,62416
SC,Dillon,27698
SC,Dorchester,169833
SC,Edgefield,27607
SC,Fairfield,20422
SC,Florence,137214
SC,Georgetown,65731
SC,Greenville,558036
SC,Greenwood,69460
SC,Hampton,18122
SC,Horry,397478
SC,Jasper,33544
SC,Kershaw,69905
SC,Lancaster,108215
SC,Laurens,68873
SC,Lee,15967
SC,Lexington,309528
SC,McCormick,9941
SC,Marion,28508
SC,Marlboro,25704
SC,Newberry,38825
SC,Oconee,81221
SC,Orangeburg,82820
SC,Pickens,135495
SC,Richland,425138
SC,Saluda,19123
SC,Spartanburg,356698
SC,Sumter,104165
SC,Union,26629
SC,Williamsburg,29891
SC,York,298320
SD,South Dakota,919318
SD,Aurora,2782
SD,Beadle,19591
SD,Bennett,3305
SD,Bon Homme,7065
SD,Brookings,35980
SD,Brown,37733
SD,Brule,5311
SD,Buffalo,1884
SD,Butte,10863
SD,Campbell,1340
SD,Charles Mix,9240
SD,Clark,3948
SD,Clay,15431
SD,Codington,28971
SD,Corson,3782
SD,Custer,9117
SD,Davison,19922
SD,Day,5451
SD,Deuel,4354
SD,Dewey,5208
SD,Douglas,2838
SD,Edmunds,4057
SD,Fall River,7393
SD,Faulk,2151
SD,Grant,7553
SD,Gregory,4018
SD,Haakon,1851
SD,Hamlin,6451
SD,Hand,3107
SD,Hanson,3471
SD,Harding,1324
SD,Hughes,17624
SD,Hutchinson,7394
SD,Hyde,1186
SD,Jackson,2776
SD,Jerauld,1660
SD,Jones,855
SD,Kingsbury,5276
SD,Lake,11031
SD,Lawrence,28053
SD,Lincoln,73238
SD,Lyman,3705
SD,McCook,5809
SD,McPherson,2334
SD,Marshall,4390
SD,Meade,30954
SD,Mellette,1851
SD,Miner,2280
SD,Minnehaha,206930
SD,Moody,6450
SD,Oglala Lakota,13434
SD,Pennington,115903
SD,Perkins,2834
SD,Potter,2413
SD,Roberts,10206
SD,Sanborn,2399
SD,Spink,6166
SD,Stanley,3043
SD,Sully,1494
SD,Todd,9199
SD,Tripp,5621
SD,Turner,9027
SD,Union,17183
SD,Walworth,5269
SD,Yankton,23517
SD,Ziebach,2322
TN,Tennessee,7126489
TN,Anderson,80234
TN,Bedford,53055
TN,Benton,16103
TN,Bledsoe,15060
TN,Blount,141456
TN,Bradley,111579
TN,Campbell,40223
TN,Cannon,15063
TN,Carroll,28860
TN,Carter,57022
TN,Cheatham,42254
TN,Chester,17606
TN,Claiborne,32654
TN,Clay,7714
TN,Cocke,37404
TN,Coffee,60633
TN,Crockett,13982
TN,Cumberland,64760
TN,Davidson,712334
TN,Decatur,11656
TN,DeKalb,21225
TN,Dickson,56729
TN,Dyer,36498
TN,Fayette,44175
TN,Fentress,19696
TN,Franklin,44654
TN,Gibson,51045
TN,Giles,30721
TN,Grainger,24681
TN,Greene,72577
TN,Grundy,13955
TN,Hamblen,66216
TN,Hamilton,379864
TN,Hancock,6956
TN,Hardeman,25567
TN,Hardin,27229
TN,Hawkins,58600
TN,Haywood,17328
TN,Henderson,28070
TN,Henry,32554
TN,Hickman,25826
TN,Houston,8393
TN,Humphreys,19209
TN,Jackson,12363
TN,Jefferson,57838
TN,Johnson,18375
TN,Knox,500669
TN,Lake,6347
TN,Lauderdale,24610
TN,Lawrence,46114
TN,Lewis,13066
TN,Lincoln,36169
TN,Loudon,60591
TN,McMinn,55678
TN,McNairy,26163
TN,Macon,26793
TN,Madison,99193
TN,Marion,29382
TN,Marshall,36961
TN,Maury,110760
TN,Meigs,13691
TN,Monroe,48594
TN,Montgomery,239872
TN,Moore,6748
TN,Morgan,21573
TN,Obion,30411
TN,Overton,23327
TN,Perry,8891
TN,Pickett,5128
TN,Polk,18033
TN,Putnam,83844
TN,Rhea,33924
TN,Roane,56096
TN,Robertson,76776
TN,Rutherford,367101
TN,Scott,22171
TN,Sequatchie,17161
TN,Sevier,99415
TN,Shelby,910042
TN,Smith,20538
TN,Stewart,14222
TN,Sullivan,162135
TN,Sumner,207994
TN,Tipton,62015
TN,Trousdale,12271
TN,Unicoi,17756
TN,Union,20741
TN,Van Buren,6493
TN,Warren,42638
TN,Washington,138420
TN,Wayne,16066
TN,Weakley,33084
TN,White,28692
TN,Williamson,264460
TN,Wilson,163674
TX,Texas,30503301
TX,Anderson,57736
TX,Andrews,18664
TX,Angelina,87319
TX,Aransas,25374
TX,Archer,9029
TX,Armstrong,1832
TX,Atascosa,51784
TX,Austin,31677
TX,Bailey,6672
TX,Bandera,22637
TX,Bastrop,110778
TX,Baylor,3463
TX,Bee,30850
TX,Bell,393193
TX,Bexar,2087679
TX,Blanco,13048
TX,Borden,572
TX,Bosque,18996
TX,Bowie,91687
TX,Brazoria,398938
TX,Brazos,244703
TX,Brewster,9513
TX,Briscoe,1445
TX,Brooks,6848
TX,Brown,38709
TX,Burleson,19475
TX,Burnet,53991
TX,Caldwell,49859
TX,Calhoun,19696
TX,Callahan,14374
TX,Cameron,426710
TX,Camp,13000
TX,Carson,5878
TX,Cass,28659
TX,Castro,7227
TX,Chambers,53876
TX,Cherokee,52217
TX,Childress,6788
TX,Clay,10738
TX,Cochran,2509
TX,Coke,3352
TX,Coleman,7842
TX,Collin,1195359
TX,Collingsworth,2563
TX,Colorado,21117
TX,Comal,193928
TX,Comanche,14050
TX,Concho,3297
TX,Cooke,43782
TX,Coryell,84878
TX,Cottle,1294
TX,Crane,4574
TX,Crockett,2858
TX,Crosby,4917
TX,Culberson,2196
TX,Dallam,7237
TX,Dallas,2606358
TX,Dawson,12004
TX,Deaf Smith,18347
TX,Delta,5520
TX,Denton,1007703
TX,DeWitt,19929
TX,Dickens,1711
TX,Dimmit,8257
TX,Donley,3214
TX,Duval,9604
TX,Eastland,18037
TX,Ector,164494
TX,Edwards,1393
TX,Ellis,222829
TX,El Paso,869880
TX,Erath,44195
TX,Falls,17286
TX,Fannin,37571
TX,Fayette,25474
TX,Fisher,3612
TX,Floyd,5090
TX,Foard,1079
TX,Fort Bend,916778
TX,Franklin,10735
TX,Freestone,20441
TX,Frio,17987
TX,Gaines,22523
TX,Galveston,361744
TX,Garza,4517
TX,Gillespie,27733
TX,Glasscock,1141
TX,Goliad,7144
TX,Gonzales,19930
TX,Gray,20916
TX,Grayson,146907
TX,Gregg,126243
TX,Grimes,32384
TX,Guadalupe,188454
TX,Hale,31761
TX,Hall,2818
TX,Hamilton,8619
TX,Hansford,5071
TX,Hardeman,3490
TX,Hardin,58261
TX,Harris,4835125
TX,Harrison,70895
TX,Hartley,5145
TX,Haskell,5385
TX,Hays,280486
TX,Hemphill,3189
TX,Henderson,86158
TX,Hidalgo,898471
TX,Hill,38101
TX,Hockley,21460
TX,Hood,67774
TX,Hopkins,38172
TX,Houston,22066
TX,Howard,30554
TX,Hudspeth,3451
TX,Hunt,113347
TX,Hutchinson,20033
TX,Irion,1549
TX,Jack,8875
TX,Jackson,15221
TX,Jasper,32694
TX,Jeff Davis,1856
TX,Jefferson,251496
TX,Jim Hogg,4720
TX,Jim Wells,38662
TX,Johnson,202906
TX,Jones,20381
TX,Karnes,15018
TX,Kaufman,185690
TX,Kendall,50537
TX,Kenedy,343
TX,Kent,734
TX,Kerr,53915
TX,Kimble,4442
TX,King,217
TX,Kinney,3148
TX,Kleberg,30069
TX,Knox,3302
TX,Lamar,51127
TX,Lamb,12711
TX,Lampasas,23262
TX,La Salle,6537
TX,Lavaca,20571
TX,Lee,18240
TX,Leon,16538
TX,Liberty,108272
TX,Limestone,22250
TX,Lipscomb,2906
TX,Live Oak,11584
TX,Llano,22875
TX,Loving,43
TX,Lubbock,320940
TX,Lynn,5761
TX,McCulloch,7452
TX,McLennan,268583
TX,McMullen,568
TX,Madison,13742
TX,Marion,9571
TX,Martin,5216
TX,Mason,3931
TX,Matagorda,36359
TX,Maverick,57762
TX,Medina,54797
TX,Menard,1958
TX,Midland,177108
TX,Milam,25951
TX,Mills,4548
TX,Mitchell,9075
TX,Montague,21598
TX,Montgomery,711354
TX,Moore,21190
TX,Morris,12066
TX,Motley,1020
TX,Nacogdoches,65375
TX,Navarro,55635
TX,Newton,12039
TX,Nolan,14306
TX,Nueces,352289
TX,Ochiltree,9704
TX,Oldham,1783
TX,Orange,85722
TX,Palo Pinto,29747
TX,Panola,22838
TX,Parker,173494
TX,Parmer,9617
TX,Pecos,14623
TX,Polk,54186
TX,Potter,114647
TX,Presidio,5795
TX,Rains,12986
TX,Randall,148255
TX,Reagan,3141
TX,Real,2854
TX,Red River,11678
TX,Reeves,11770
TX,Refugio,6666
TX,Roberts,840
TX,Robertson,17267
TX,Rockwall,131307
TX,Runnels,9868
TX,Rusk,53079
TX,Sabine,10106
TX,San Augustine,7833
TX,San Jacinto,28936
TX,San Patricio,70660
TX,San Saba,5845
TX,Schleicher,2391
TX,Scurry,16212
TX,Shackelford,3229
TX,Shelby,24179
TX,Sherman,2678
TX,Smith,245209
TX,Somervell,9888
TX,Starr,65934
TX,Stephens,9343
TX,Sterling,1397
TX,Stonewall,1218
TX,Sutton,3221
TX,Swisher,6955
TX,Tarrant,2182947
TX,Taylor,146836
TX,Terrell,687
TX,Terry,11547
TX,Throckmorton,1526
TX,Titus,31357
TX,Tom Green,119057
TX,Travis,1334961
TX,Trinity,14228
TX,Tyler,20382
TX,Upshur,43281
TX,Upton,3109
TX,Uvalde,24960
TX,Val Verde,47720
TX,Van Zandt,64000
TX,Victoria,91664
TX,Walker,81268
TX,Waller,63553
TX,Ward,10966
TX,Washington,37007
TX,Webb,269148
TX,Wharton,41739
TX,Wheeler,4804
TX,Wichita,130180
TX,Wilbarger,12522
TX,Willacy,20037
TX,Williamson,697191
TX,Wilson,54183
TX,Winkler,7414
TX,Wise,78097
TX,Wood,47921
TX,Yoakum,7468
TX,Young,18124
TX,Zapata,13736
TX,Zavala,9312
UT,Beaver,7233
UT,Box Elder,62684
UT,Cache,142393
UT,Carbon,20609
UT,Daggett,992
UT,Davis,373207
UT,Duchesne,20477
UT,Emery,10144
UT,Garfield,5314
UT,Grand,9706
UT,Iron,64211
UT,Juab,13023
UT,Kane,8425
UT,Millard,13437
UT,Morgan,13000
UT,Piute,1550
UT,Rich,2670
UT,Salt Lake,1185813
UT,San Juan,14358
UT,Sanpete,30277
UT,Sevier,22344
UT,Summit,42759
UT,Tooele,82051
UT,Uintah,37747
UT,Utah,719174
UT,Wasatch,37144
UT,Washington,202452
UT,Wayne,2614
UT,Weber,271926
VT,Vermont,647464
VT,Addison,37720
VT,Bennington,37183
VT,Caledonia,30610
VT,Chittenden,169481
VT,Essex,6010
VT,Franklin,50994
VT,Grand Isle,7467
VT,Lamoille,26060
VT,Orange,29943
VT,Orleans,27516
VT,Rutland,60271
VT,Washington,60142
VT,Windham,45966
VT,Windsor,58101
VA,Accomack,33239
VA,Albemarle,115676
VA,Alleghany,14595
VA,Amelia,13480
VA,Amherst,31396
VA,Appomattox,16864
VA,Arlington,234162
VA,Augusta,78247
VA,Bath,4051
VA,Bedford,81525
VA,Bland,6179
VA,Botetourt,34125
VA,Brunswick,15749
VA,Buchanan,19087
VA,Buckingham,16978
VA,Campbell,55270
VA,Caroline,32640
VA,Carroll,29239
VA,Charles City,6610
VA,Charlotte,11336
VA,Chesterfield,383876
VA,Clarke,15466
VA,Craig,4843
VA,Culpeper,54973
VA,Cumberland,9878
VA,Dickenson,13640
VA,Dinwiddie,28343
VA,Essex,10598
VA,Fairfax,1141878
VA,Fauquier,75165
VA,Floyd,15679
VA,Fluvanna,28462
VA,Franklin,55549
VA,Frederick,95994
VA,Giles,16457
VA,Gloucester,40057
VA,Goochland,27197
VA,Grayson,15285
VA,Greene,21301
VA,Greensville,11133
VA,Halifax,33432
VA,Hanover,114148
VA,Henrico,334760
VA,Henry,49702
VA,Highland,2339
VA,Isle of Wight,40711
VA,James City,82654
VA,King and Queen,6720
VA,King George,28568
VA,King William,19030
VA,Lancaster,10859
VA,Lee,21745
VA,Loudoun,436347
VA,Louisa,41037
VA,Lunenburg,12038
VA,Madison,14128
VA,Mathews,8514
VA,Mecklenburg,30648
VA,Middlesex,10924
VA,Montgomery,98666
VA,Nelson,14705
VA,New Kent,26134
VA,Northampton,12021
VA,Northumberland,12391
VA,Nottoway,15566
VA,Orange,38574
VA,Page,23741
VA,Patrick,17509
VA,Pittsylvania,59571
VA,Powhatan,32105
VA,Prince Edward,22049
VA,Prince George,42871
VA,Prince William,489640
VA,Pulaski,33655
VA,Rappahannock,7414
VA,Richmond,9184
VA,Roanoke,97026
VA,Rockbridge,22358
VA,Rockingham,86568
VA,Russell,25477
VA,Scott,21433
VA,Shenandoah,45228
VA,Smyth,29216
VA,Southampton,17975
VA,Spotsylvania,149588
VA,Stafford,165428
VA,Surry,6593
VA,Sussex,10757
VA,Tazewell,39120
VA,Warren,41843
VA,Washington,54050
VA,Westmoreland,19013
VA,Wise,35174
VA,Wythe,28104
VA,York,70952
VA,Alexandria city,155230
VA,Bristol city,16807
VA,Buena Vista city,6566
VA,Charlottesville city,44983
VA,Chesapeake city,253886
VA,Colonial Heights city,18393
VA,Covington city,5545
VA,Danville city,41837
VA,Emporia city,5463
VA,Fairfax city,25144
VA,Falls Church city,14685
VA,Franklin city,8339
VA,Fredericksburg city,28928
VA,Galax city,6717
VA,Hampton city,137098
VA,Harrisonburg city,51082
VA,Hopewell city,22752
VA,Lexington city,7528
VA,Lynchburg city,79535
VA,Manassas city,42696
VA,Manassas Park city,16361
VA,Martinsville city,13763
VA,Newport News city,183118
VA,Norfolk city,230930
VA,Norton city,3492
VA,Petersburg city,33309
VA,Poquoson city,12635
VA,Portsmouth city,96793
VA,Radford city,16971
VA,Richmond city,229247
VA,Roanoke city,97171
VA,Salem city,25600
VA,Staunton city,25915
VA,Suffolk city,100659
VA,Virginia Beach city,453649
VA,Waynesboro city,23182
VA,Williamsburg city,15847
VA,Winchester city,27617
WA,Washington,7812880
WA,Adams,20820
WA,Asotin,22549
WA,Benton,215219
WA,Chelan,79997
WA,Clallam,77616
WA,Clark,521150
WA,Columbia,4053
WA,Cowlitz,112864
WA,Douglas,44798
WA,Ferry,7497
WA,Franklin,99034
WA,Garfield,2363
WA,Grant,102678
WA,Grays Harbor,77290
WA,Island,86267
WA,Jefferson,33714
WA,King,2271380
WA,Kitsap,277658
WA,Kittitas,45508
WA,Klickitat,23589
WA,Lewis,86154
WA,Lincoln,11738
WA,Mason,68389
WA,Okanogan,43712
WA,Pacific,24200
WA,Pend Oreille,14361
WA,Pierce,928696
WA,San Juan,18566
WA,Skagit,131417
WA,Skamania,12640
WA,Snohomish,844761
WA,Spokane,551455
WA,Stevens,48837
WA,Thurston,299003
WA,Wahkiakum,4765
WA,Walla Walla,61568
WA,Whatcom,231919
WA,Whitman,48012
WA,Yakima,256643
WV,West Virginia,1770071
WV,Barbour,15378
WV,Berkeley,132440
WV,Boone,20576
WV,Braxton,12162
WV,Brooke,21373
WV,Cabell,92082
WV,Calhoun,5959
WV,Clay,7783
WV,Doddridge,7680
WV,Fayette,39072
WV,Gilmer,7254
WV,Grant,10921
WV,Greenbrier,32149
WV,Hampshire,23649
WV,Hancock,28145
WV,Hardy,14251
WV,Harrison,64639
WV,Jackson,27593
WV,Jefferson,59787
WV,Kanawha,174805
WV,Lewis,16500
WV,Lincoln,19701
WV,Logan,30827
WV,McDowell,17439
WV,Marion,55807
WV,Marshall,29405
WV,Mason,24765
WV,Mercer,58057
WV,Mineral,26867
WV,Mingo,22023
WV,Monongalia,107718
WV,Monroe,12382
WV,Morgan,17649
WV,Nicholas,24169
WV,Ohio,41194
WV,Pendleton,6029
WV,Pleasants,7428
WV,Pocahontas,7765
WV,Preston,34099
WV,Putnam,56962
WV,Raleigh,72356
WV,Randolph,27350
WV,Ritchie,8167
WV,Roane,13743
WV,Summers,11581
WV,Taylor,16388
WV,Tucker,6604
WV,Tyler,7919
WV,Upshur,23529
WV,Wayne,37686
WV,Webster,8045
WV,Wetzel,13890
WV,Wirt,5000
WV,Wood,83052
WV,Wyoming,20277
WI,Wisconsin,5910955
WI,Adams,21449
WI,Ashland,16079
WI,Barron,46833
WI,Bayfield,16769
WI,Brown,271417
WI,Buffalo,13419
WI,Burnett,17092
WI,Calumet,53199
WI,Chippewa,66970
WI,Clark,34774
WI,Columbia,58091
WI,Crawford,15944
WI,Dane,575347
WI,Dodge,88231
WI,Door,30562
WI,Douglas,44264
WI,Dunn,45794
WI,Eau Claire,107903
WI,Florence,4682
WI,Fond du Lac,103948
WI,Forest,9325
WI,Grant,51409
WI,Green,36951
WI,Green Lake,19344
WI,Iowa,23956
WI,Iron,6228
WI,Jackson,20855
WI,Jefferson,85743
WI,Juneau,26594
WI,Kenosha,167488
WI,Kewaunee,20690
WI,La Crosse,120486
WI,Lafayette,16945
WI,Langlade,19404
WI,Lincoln,28405
WI,Manitowoc,81331
WI,Marathon,138612
WI,Marinette,42106
WI,Marquette,15838
WI,Menominee,4226
WI,Milwaukee,916205
WI,Monroe,46151
WI,Oconto,39775
WI,Oneida,38226
WI,Outagamie,193234
WI,Ozaukee,93460
WI,Pepin,7441
WI,Pierce,43026
WI,Polk,45762
WI,Portage,71024
WI,Price,14102
WI,Racine,196613
WI,Richland,17197
WI,Rock,164278
WI,Rusk,14143
WI,St. Croix,96763
WI,Sauk,65920
WI,Sawyer,18552
WI,Shawano,41109
WI,Sheboygan,117752
WI,Taylor,20058
WI,Trempealeau,30899
WI,Vernon,31170
WI,Vilas,23885
WI,Walworth,105822
WI,Washburn,16930
WI,Washington,138168
WI,Waukesha,412591
WI,Waupaca,51388
WI,Waushara,24934
WI,Winnebago,171735
WI,Wood,73939
WY,Wyoming,584057
WY,Albany,38257
WY,Big Horn,12018
WY,Campbell,47498
WY,Carbon,14334
WY,Converse,13809
WY,Crook,7592
WY,Fremont,39815
WY,Goshen,12642
WY,Hot Springs,4661
WY,Johnson,8759
WY,Laramie,100984
WY,Lincoln,20880
WY,Natrona,79941
WY,Niobrara,2354
WY,Park,30735
WY,Platte,8546
WY,Sheridan,32519
WY,Sublette,8969
WY,Sweetwater,41249
WY,Teton,23232
WY,Uinta,20745
WY,Washakie,7710
WY,Weston,6808
PR,Puerto Rico,3205691
PR,Adjuntas Municipio,17900
PR,Aguada Municipio,37528
PR,Aguadilla Municipio,53622
PR,Aguas Buenas Municipio,23274
PR,Aibonito Municipio,24602
PR,Añasco Municipio,24815
PR,Arecibo Municipio,85641
PR,Arroyo Municipio,15078
PR,Barceloneta Municipio,22376
PR,Barranquitas Municipio,29020
PR,Bayamón Municipio,180835
PR,Cabo Rojo Municipio,46665
PR,Caguas Municipio,124608
PR,Camuy Municipio,32625
PR,Canóvanas Municipio,41513
PR,Carolina Municipio,150843
PR,Cataño Municipio,22108
PR,Cayey Municipio,40525
PR,Ceiba Municipio,10843
PR,Ciales Municipio,16691
PR,Cidra Municipio,39418
PR,Coamo Municipio,33662
PR,Comerío Municipio,18601
PR,Corozal Municipio,34348
PR,Culebra Municipio,1761
PR,Dorado Municipio,35702
PR,Fajardo Municipio,31166
PR,Florida Municipio,11525
PR,Guánica Municipio,12415
PR,Guayama Municipio,34765
PR,Guayanilla Municipio,16813
PR,Guaynabo Municipio,89039
PR,Gurabo Municipio,39971
PR,Hatillo Municipio,37950
PR,Hormigueros Municipio,15336
PR,Humacao Municipio,49712
PR,Isabela Municipio,42794
PR,Jayuya Municipio,14435
PR,Juana Díaz Municipio,45919
PR,Juncos Municipio,36684
PR,Lajas Municipio,22872
PR,Lares Municipio,27729
PR,Las Marías Municipio,8672
PR,Las Piedras Municipio,34750
PR,Loíza Municipio,22302
PR,Luquillo Municipio,17386
PR,Manatí Municipio,38655
PR,Maricao Municipio,4523
PR,Maunabo Municipio,10266
PR,Mayagüez Municipio,69798
PR,Moca Municipio,37325
PR,Morovis Municipio,28197
PR,Naguabo Municipio,22838
PR,Naranjito Municipio,29282
PR,Orocovis Municipio,21204
PR,Patillas Municipio,15347
PR,Peñuelas Municipio,19563
PR,Ponce Municipio,130251
PR,Quebradillas Municipio,23254
PR,Rincón Municipio,15425
PR,Río Grande Municipio,45568
PR,Sabana Grande Municipio,22210
PR,Salinas Municipio,24718
PR,San Germán Municipio,30996
PR,San Juan Municipio,333005
PR,San Lorenzo Municipio,37264
PR,San Sebastián Municipio,38926
PR,Santa Isabel Municipio,19693
PR,Toa Alta Municipio,65957
PR,Toa Baja Municipio,71888
PR,Trujillo Alto Municipio,66705
PR,Utuado Municipio,27242
PR,Vega Alta Municipio,34638
PR,Vega Baja Municipio,53527
PR,Vieques Municipio,7999
PR,Villalba Municipio,21285
PR,Yabucoa Municipio,28897
PR,Yauco Municipio,32406
