State,Area_name,POVALL_2021,MEDHHINC_2021
US,United States,41393176,69717
AL,Alabama,800848,53990
AL,Autauga,6296,66444
AL,Baldwin,25526,65658
AL,Barbour,5089,38649
AL,Bibb,4204,48454
AL,Blount,6992,56894
AL,Bullock,2764,32027
AL,Butler,4226,39442
AL,Calhoun,21630,48166
AL,Chambers,6699,45447
AL,Cherokee,4513,46365
AL,Chilton,6973,55142
AL,Choctaw,2893,40601
AL,Clarke,4366,45447
AL,Clay,2560,47036
AL,Cleburne,2236,49769
AL,Coffee,8516,55052
AL,Colbert,9396,53341
AL,Conecuh,2528,35621
AL,Coosa,1754,45954
AL,Covington,7317,44188
AL,Crenshaw,2267,38037
AL,Cullman,11898,55036
AL,Dale,7587,50086
AL,Dallas,10914,33159
AL,DeKalb,13783,45062
AL,Elmore,10138,63147
AL,Escambia,8147,40506
AL,Etowah,17605,46308
AL,Fayette,3123,46122
AL,Franklin,5995,45440
AL,Geneva,5566,43206
AL,Greene,2520,30225
AL,Hale,3221,41995
AL,Henry,2694,56389
AL,Houston,20210,48701
AL,Jackson,9851,46998
AL,Jefferson,110131,55210
AL,Lamar,2300,44265
AL,Lauderdale,14838,52222
AL,Lawrence,4566,55555
AL,Lee,30989,54188
AL,Limestone,10363,69207
AL,Lowndes,2786,36993
AL,Macon,4725,35354
AL,Madison,39316,78386
AL,Marengo,4602,42048
AL,Marion,5209,44636
AL,Marshall,15145,50858
AL,Mobile,74061,49848
AL,Monroe,4349,40997
AL,Montgomery,47309,50645
AL,Morgan,16459,56340
AL,Perry,2591,31522
AL,Pickens,3591,43926
AL,Pike,7429,38945
AL,Randolph,4652,45889
AL,Russell,12620,44849
AL,St. Clair,11652,63015
AL,Shelby,17306,85457
AL,Sumter,4005,29490
AL,Talladega,14936,47331
AL,Tallapoosa,7420,47444
AL,Tuscaloosa,31735,56274
AL,Walker,12877,46343
AL,Washington,3091,49795
AL,Wilcox,3340,30071
AL,Winston,4455,47176
AK,Alaska,77736,78437
AK,Aleutians East Borough,625,71492
AK,Aleutians West Census Area,505,86050
AK,Anchorage Borough,26920,86152
AK,Bethel Census Area,4496,54849
AK,Bristol Bay Borough,93,88516
AK,Chugach Census Area,530,88029
AK,Copper River Census Area,375,61288
AK,Denali Borough,115,85251
AK,Dillingham Census Area,1033,58389
AK,Fairbanks North Star Borough,7247,76754
AK,Haines Borough,223,63155
AK,Hoonah-Angoon Census Area,395,56555
AK,Juneau Borough,2378,89922
AK,Kenai Peninsula Borough,6729,71111
AK,Ketchikan Gateway Borough,1529,73260
AK,Kodiak Island Borough,1072,80863
AK,Kusilvak Census Area,2534,38203
AK,Lake and Peninsula Borough,290,51205
AK,Matanuska-Susitna Borough,11453,80164
AK,Nome Census Area,1920,65578
AK,North Slope Borough,1354,95041
AK,Northwest Arctic Borough,1560,67586
AK,Petersburg Borough,269,71878
AK,Prince of Wales-Hyder Census Area,859,56226
AK,Sitka Borough,717,78248
AK,Skagway Municipality,69,65712
AK,Southeast Fairbanks Census Area,890,68347
AK,Wrangell City and Borough,231,64732
AK,Yakutat Borough,86,73014
AK,Yukon-Koyukuk Census Area,1240,44934
AZ,Arizona,919680,68967
AZ,Apache,18422,41002
AZ,Cochise,20618,55748
AZ,Coconino,22677,63829
AZ,Gila,8900,52665
AZ,Graham,7385,52644
AZ,Greenlee,886,71669
AZ,La Paz,3303,44330
AZ,Maricopa,502224,76230
AZ,Mohave,38383,48169
AZ,Navajo,26324,49057
AZ,Pima,151169,60604
AZ,Pinal,45630,70835
AZ,Santa Cruz,9723,49216
AZ,Yavapai,29766,57676
AZ,Yuma,34270,55991
AR,Arkansas,2923,50928
AR,Ashley,3950,44030
AR,Baxter,5565,45116
AR,Benton,22890,78974
AR,Boone,4860,48700
AR,Bradley,2011,40454
AR,Calhoun,672,49977
AR,Carroll,4717,49225
AR,Chicot,2594,34857
AR,Clark,3699,47158
AR,Clay,2543,41419
AR,Cleburne,4109,50200
AR,Cleveland,1054,53705
AR,Columbia,4777,44651
AR,Conway,3494,47741
AR,Craighead,19674,52490
AR,Crawford,8790,54065
AR,Crittenden,10706,43821
AR,Cross,2738,45262
AR,Dallas,1213,42442
AR,Desha,3032,39042
AR,Drew,2715,46572
AR,Faulkner,16486,57573
AR,Franklin,2908,47834
AR,Fulton,2157,41557
AR,Garland,14319,48053
AR,Grant,2017,67088
AR,Greene,5898,53920
AR,Hempstead,4125,41281
AR,Hot Spring,5521,51662
AR,Howard,2245,42733
AR,Independence,6924,48957
AR,Izard,2384,40788
AR,Jackson,3316,37815
AR,Jefferson,12258,46100
AR,Johnson,4570,43003
AR,Lafayette,1448,38777
AR,Lawrence,3193,44661
AR,Lee,2448,29714
AR,Lincoln,2160,45435
AR,Little River,1854,46619
AR,Logan,3204,45558
AR,Lonoke,8161,64633
AR,Madison,2587,49691
AR,Marion,2986,42892
AR,Miller,8483,45450
AR,Mississippi,9276,41007
AR,Monroe,1667,37113
AR,Montgomery,1692,41359
AR,Nevada,1705,40283
AR,Newton,1366,41823
AR,Ouachita,4437,47169
AR,Perry,1500,51204
AR,Phillips,5623,32419
AR,Pike,1844,43710
AR,Poinsett,4948,42639
AR,Polk,3697,43166
AR,Pope,10897,47049
AR,Prairie,1257,59367
AR,Pulaski,68564,53597
AR,Randolph,3141,43484
AR,St. Francis,6108,36781
AR,Saline,10572,68107
AR,Scott,1681,39974
AR,Searcy,1633,35422
AR,Sebastian,24574,49170
AR,Sevier,2854,46651
AR,Sharp,3181,39183
AR,Stone,2567,37782
AR,Union,6726,47315
AR,Van Buren,2659,39629
AR,Washington,30035,64218
AR,White,12106,51660
AR,Woodruff,1514,37331
AR,Yell,2996,48526
CA,California,4742405,84831
CA,Alameda,152654,108971
CA,Alpine,194,87570
CA,Amador,4104,68159
CA,Butte,33874,62982
CA,Calaveras,6198,68298
CA,Colusa,2466,60725
CA,Contra Costa,100948,110595
CA,Del Norte,5368,48108
CA,El Dorado,16839,87689
CA,Fresno,193449,63140
CA,Glenn,4397,56741
CA,Humboldt,25781,53924
CA,Imperial,29738,50970
CA,Inyo,2382,62381
CA,Kern,164169,57926
CA,Kings,24295,60810
CA,Lake,11196,55801
CA,Lassen,4805,56923
CA,Los Angeles,1365808,77356
CA,Madera,31044,60241
CA,Marin,19734,118472
CA,Mariposa,2387,60377
CA,Mendocino,14539,57516
CA,Merced,61359,54703
CA,Modoc,1688,49273
CA,Mono,1278,70945
CA,Monterey,50725,81404
CA,Napa,11814,94127
CA,Nevada,12141,77220
CA,Orange,309402,100210
CA,Placer,26816,103588
CA,Plumas,2545,58154
CA,Riverside,282068,78690
CA,Sacramento,203413,79611
CA,San Benito,5899,95187
CA,San Bernardino,285474,74218
CA,San Diego,340522,90756
CA,San Francisco,90898,119776
CA,San Joaquin,95382,79598
CA,San Luis Obispo,35120,79688
CA,San Mateo,49900,131151
CA,Santa Barbara,65029,83185
CA,Santa Clara,128955,141161
CA,Santa Cruz,27132,90370
CA,Shasta,25141,60187
CA,Sierra,398,60659
CA,Siskiyou,7301,50069
CA,Solano,44037,87348
CA,Sonoma,43661,92999
CA,Stanislaus,76921,73151
CA,Sutter,15224,63246
CA,Tehama,10107,53654
CA,Trinity,3010,45508
CA,Tulare,88367,57398
CA,Tuolumne,6848,61396
CA,Ventura,73968,95819
CA,Yolo,30708,76247
CA,Yuba,12784,60764
CO,Colorado,554126,82228
CO,Adams,51680,80831
CO,Alamosa,2887,51009
CO,Arapahoe,56744,84308
CO,Archuleta,1556,68025
CO,Baca,697,44257
CO,Bent,1284,37185
CO,Boulder,34103,90327
CO,Broomfield,3680,106413
CO,Chaffee,1952,65987
CO,Cheyenne,215,58544
CO,Clear Creek,712,78312
CO,Conejos,1268,45931
CO,Costilla,835,35416
CO,Crowley,1241,38049
CO,Custer,519,63505
CO,Delta,4325,52403
CO,Denver,82086,81262
CO,Dolores,332,55157
CO,Douglas,10490,129839
CO,Eagle,3922,94928
CO,Elbert,1447,114853
CO,El Paso,68718,79094
CO,Fremont,6608,51732
CO,Garfield,5667,78940
CO,Gilpin,406,82370
CO,Grand,1135,78779
CO,Gunnison,2016,63872
CO,Hinsdale,59,66213
CO,Huerfano,1261,46798
CO,Jackson,201,55535
CO,Jefferson,41422,94401
CO,Kiowa,180,61430
CO,Kit Carson,832,56272
CO,Lake,828,64416
CO,La Plata,5521,74774
CO,Larimer,39476,78681
CO,Las Animas,2920,42708
CO,Lincoln,699,51975
CO,Logan,2982,53234
CO,Mesa,16238,63531
CO,Mineral,89,62213
CO,Moffat,1409,64133
CO,Montezuma,3957,53337
CO,Montrose,5370,56686
CO,Morgan,3524,61849
CO,Otero,3555,45658
CO,Ouray,323,80686
CO,Park,1280,84361
CO,Phillips,529,56577
CO,Pitkin,1155,96316
CO,Prowers,2251,48337
CO,Pueblo,26839,56311
CO,Rio Blanco,632,65334
CO,Rio Grande,1611,52353
CO,Routt,1484,93776
CO,Saguache,1392,43366
CO,San Juan,101,54146
CO,San Miguel,729,79742
CO,Sedgwick,328,45645
CO,Summit,2053,90297
CO,Teller,1968,76715
CO,Washington,544,57522
CO,Weld,32543,84826
CO,Yuma,1315,56161
CT,Connecticut,355861,83628
CT,Fairfield,85452,100703
CT,Hartford,92542,79958
CT,Litchfield,15713,84689
CT,Middlesex,10537,94735
CT,New Haven,100433,75094
CT,New London,23102,78552
CT,Tolland,15039,86430
CT,Windham,13043,71581
DE,Delaware,113026,71636
DE,Kent,21961,64670
DE,New Castle,63059,74088
DE,Sussex,28006,70500
DC,District of Columbia,107307,91072
DC,District of Columbia,107307,91072
FL,Florida,2830813,63054
FL,Alachua,50668,56006
FL,Baker,4187,60994
FL,Bay,24383,60106
FL,Bradford,4636,54911
FL,Brevard,68879,65280
FL,Broward,244519,65536
FL,Calhoun,2488,43210
FL,Charlotte,20910,59547
FL,Citrus,24173,48237
FL,Clay,17574,76711
FL,Collier,39843,75799
FL,Columbia,10722,52035
FL,DeSoto,8117,43256
FL,Dixie,3599,39029
FL,Duval,146090,60121
FL,Escambia,56350,54492
FL,Flagler,12373,65783
FL,Franklin,2277,44684
FL,Gadsden,10645,45678
FL,Gilchrist,2644,52168
FL,Glades,2123,46389
FL,Gulf,2190,51684
FL,Hamilton,2933,39522
FL,Hardee,5268,45964
FL,Hendry,8678,48841
FL,Hernando,23828,56443
FL,Highlands,15428,47820
FL,Hillsborough,208765,65818
FL,Holmes,3613,44139
FL,Indian River,18938,61351
FL,Jackson,8499,42721
FL,Jefferson,2181,56130
FL,Lafayette,1360,45732
FL,Lake,39022,64662
FL,Lee,95012,66426
FL,Leon,45137,57246
FL,Levy,8228,45494
FL,Liberty,1391,48271
FL,Madison,3585,43444
FL,Manatee,40642,67929
FL,Marion,50984,54555
FL,Martin,17768,67059
FL,Miami-Dade,398855,58905
FL,Monroe,8907,68975
FL,Nassau,9280,78069
FL,Okaloosa,20091,69053
FL,Okeechobee,7841,47642
FL,Orange,208064,64579
FL,Osceola,53195,60495
FL,Palm Beach,171280,70024
FL,Pasco,67129,59555
FL,Pinellas,115468,61851
FL,Polk,115547,56344
FL,Putnam,19159,38759
FL,St. Johns,18142,94662
FL,St. Lucie,38819,62378
FL,Santa Rosa,16609,80837
FL,Sarasota,37895,71630
FL,Seminole,43726,70470
FL,Sumter,12096,69707
FL,Suwannee,8648,46284
FL,Taylor,3889,47083
FL,Union,2536,48667
FL,Volusia,75803,58246
FL,Wakulla,3164,71962
FL,Walton,9632,64779
FL,Washington,4395,47930
GA,Georgia,1493837,66507
GA,Appling,3292,46530
GA,Atkinson,1983,40303
GA,Bacon,2522,43154
GA,Baker,728,44106
GA,Baldwin,9332,44685
GA,Banks,2363,60485
GA,Barrow,8262,67646
GA,Bartow,12677,67604
GA,Ben Hill,3731,39863
GA,Berrien,3091,46404
GA,Bibb,36780,47859
GA,Bleckley,2153,51770
GA,Brantley,3310,48076
GA,Brooks,3809,40936
GA,Bryan,3766,87334
GA,Bulloch,16122,53105
GA,Burke,4961,46977
GA,Butts,3195,61471
GA,Calhoun,1380,38232
GA,Camden,6323,63482
GA,Candler,2371,41593
GA,Carroll,19224,59894
GA,Catoosa,7873,64245
GA,Charlton,2575,47229
GA,Chatham,43618,61527
GA,Chattahoochee,1114,53786
GA,Chattooga,4768,42974
GA,Cherokee,18933,96997
GA,Clarke,25418,49145
GA,Clay,686,35957
GA,Clayton,55143,51422
GA,Clinch,1590,44799
GA,Cobb,72765,87532
GA,Coffee,10440,36708
GA,Colquitt,10027,44485
GA,Columbia,11580,87281
GA,Cook,3435,44995
GA,Coweta,12129,85182
GA,Crawford,1962,54442
GA,Crisp,4729,41505
GA,Dade,1728,64054
GA,Dawson,2556,76903
GA,Decatur,6635,42960
GA,DeKalb,108081,70756
GA,Dodge,4620,40856
GA,Dooly,2108,43270
GA,Dougherty,21155,41985
GA,Douglas,18540,66162
GA,Early,2730,38817
GA,Echols,794,42241
GA,Effingham,6045,76626
GA,Elbert,3710,42866
GA,Emanuel,5156,45252
GA,Evans,2447,41847
GA,Fannin,3397,54446
GA,Fayette,7752,92319
GA,Floyd,15376,59685
GA,Forsyth,13636,120919
GA,Franklin,3792,48045
GA,Fulton,142028,82820
GA,Gilmer,4449,57970
GA,Glascock,436,49175
GA,Glynn,13760,60685
GA,Gordon,7364,56053
GA,Grady,5741,42171
GA,Greene,2716,65261
GA,Gwinnett,102953,75021
GA,Habersham,5918,55987
GA,Hall,24666,68057
GA,Hancock,2228,35830
GA,Haralson,4514,62472
GA,Harris,2899,80911
GA,Hart,4075,59149
GA,Heard,1969,50379
GA,Henry,23188,76577
GA,Houston,19058,71609
GA,Irwin,1817,44540
GA,Jackson,9491,72486
GA,Jasper,2232,61354
GA,Jeff Davis,2861,42192
GA,Jefferson,3037,42461
GA,Jenkins,2052,38497
GA,Johnson,2041,37703
GA,Jones,3513,61509
GA,Lamar,2550,55933
GA,Lanier,1924,47789
GA,Laurens,10614,47905
GA,Lee,3163,76546
GA,Liberty,11429,50696
GA,Lincoln,1266,50080
GA,Long,2467,55601
GA,Lowndes,27652,46565
GA,Lumpkin,4246,64077
GA,McDuffie,4182,44597
GA,McIntosh,2367,47651
GA,Macon,3132,35660
GA,Madison,4611,56526
GA,Marion,1580,39717
GA,Meriwether,4468,46799
GA,Miller,1400,44814
GA,Mitchell,4790,42539
GA,Monroe,3221,65697
GA,Montgomery,1647,47618
GA,Morgan,2222,67187
GA,Murray,6208,53297
GA,Muscogee,40496,52090
GA,Newton,14185,71366
GA,Oconee,2577,112581
GA,Oglethorpe,2010,57215
GA,Paulding,13209,89632
GA,Peach,5304,54921
GA,Pickens,3452,72539
GA,Pierce,3052,51688
GA,Pike,1859,75668
GA,Polk,7598,49061
GA,Pulaski,1862,45594
GA,Putnam,3635,55826
GA,Quitman,547,38357
GA,Rabun,2109,58463
GA,Randolph,1702,34883
GA,Richmond,41249,47816
GA,Rockdale,12697,65746
GA,Schley,718,53369
GA,Screven,2769,45061
GA,Seminole,2124,41917
GA,Spalding,14186,52902
GA,Stephens,4391,47909
GA,Stewart,1288,37318
GA,Sumter,7727,39008
GA,Talbot,1333,42646
GA,Taliaferro,358,40045
GA,Tattnall,5359,44225
GA,Taylor,1744,41030
GA,Telfair,3027,38091
GA,Terrell,2309,40549
GA,Thomas,8615,50154
GA,Tift,8484,48717
GA,Toombs,6087,45253
GA,Towns,1585,51810
GA,Treutlen,1300,40947
GA,Troup,10559,49557
GA,Turner,2247,37477
GA,Twiggs,1634,47382
GA,Union,3035,59494
GA,Upson,5129,47140
GA,Walker,9524,47810
GA,Walton,10602,73839
GA,Ware,8158,43065
GA,Warren,1321,40361
GA,Washington,4057,46051
GA,Wayne,6988,46314
GA,Webster,481,44084
GA,Wheeler,1692,35664
GA,White,3456,61473
GA,Whitfield,13655,56973
GA,Wilcox,1897,38449
GA,Wilkes,1879,42567
GA,Wilkinson,1832,46475
GA,Worth,4178,48943
HI,Hawaii,29361,67896
HI,Honolulu,96646,90176
HI,Kalawao,,
HI,Kauai,8101,76719
HI,Maui,18548,75421
ID,Ada,43285,79345
ID,Adams,590,51829
ID,Bannock,11121,60058
ID,Bear Lake,633,60265
ID,Benewah,1348,53667
ID,Bingham,5482,63576
ID,Blaine,1772,86735
ID,Boise,962,71545
ID,Bonner,5761,61940
ID,Bonneville,12383,69880
ID,Boundary,1506,55285
ID,Butte,417,52221
ID,Camas,108,57230
ID,Canyon,26280,64301
ID,Caribou,696,66697
ID,Cassia,2803,63356
ID,Clark,113,52838
ID,Clearwater,1208,53344
ID,Custer,554,53846
ID,Elmore,3166,51436
ID,Franklin,1192,59974
ID,Fremont,1546,58878
ID,Gem,2437,58562
ID,Gooding,1707,59174
ID,Idaho,2232,51056
ID,Jefferson,2540,75957
ID,Jerome,3088,59040
ID,Kootenai,16927,68043
ID,Latah,5113,59436
ID,Lemhi,974,57499
ID,Lewis,486,50128
ID,Lincoln,593,57111
ID,Madison,9330,55721
ID,Minidoka,3025,61010
ID,Nez Perce,6377,61951
ID,Oneida,493,60769
ID,Owyhee,1731,52374
ID,Payette,3126,58885
ID,Power,1001,57322
ID,Shoshone,2404,47699
ID,Teton,907,84015
ID,Twin Falls,12185,57487
ID,Valley,1015,69425
ID,Washington,1476,51067
IL,Illinois,1493042,72215
IL,Adams,7424,59777
IL,Alexander,1084,41816
IL,Bond,2024,57287
IL,Boone,5341,71557
IL,Brown,758,51294
IL,Bureau,3929,61431
IL,Calhoun,434,63586
IL,Carroll,2093,54450
IL,Cass,1429,60961
IL,Champaign,28582,58787
IL,Christian,3823,52500
IL,Clark,1533,58741
IL,Clay,1827,51042
IL,Clinton,3152,77272
IL,Coles,7668,47693
IL,Cook,703874,72063
IL,Crawford,2334,59128
IL,Cumberland,1060,69740
IL,DeKalb,13529,67081
IL,De Witt,1612,64325
IL,Douglas,1783,65447
IL,DuPage,62952,99536
IL,Edgar,2115,56772
IL,Edwards,722,53779
IL,Effingham,3158,69988
IL,Fayette,3011,52610
IL,Ford,1469,57483
IL,Franklin,6089,49510
IL,Fulton,4629,50978
IL,Gallatin,846,48424
IL,Greene,1632,53394
IL,Grundy,3496,83254
IL,Hamilton,1032,55409
IL,Hancock,2053,56700
IL,Hardin,680,47144
IL,Henderson,770,59415
IL,Henry,4560,62683
IL,Iroquois,2801,60736
IL,Jackson,11033,43334
IL,Jasper,905,59069
IL,Jefferson,5309,53294
IL,Jersey,1914,68675
IL,Jo Daviess,1877,67839
IL,Johnson,1610,57073
IL,Kane,43982,90941
IL,Kankakee,13545,63880
IL,Kendall,6634,100483
IL,Knox,6653,47559
IL,Lake,58626,95895
IL,La Salle,13900,64447
IL,Lawrence,2459,46525
IL,Lee,4083,60542
IL,Livingston,3909,61569
IL,Logan,3238,58939
IL,McDonough,4256,53024
IL,McHenry,18456,92522
IL,McLean,21514,71309
IL,Macon,16893,48245
IL,Macoupin,6702,57755
IL,Madison,29596,65886
IL,Marion,5653,55292
IL,Marshall,1124,64132
IL,Mason,1579,58828
IL,Massac,2259,52680
IL,Menard,1012,75687
IL,Mercer,1694,64731
IL,Monroe,1548,93054
IL,Montgomery,3376,59116
IL,Morgan,4168,54644
IL,Moultrie,1359,69652
IL,Ogle,4291,74472
IL,Peoria,28357,56460
IL,Perry,3069,53071
IL,Piatt,1090,81583
IL,Pike,1941,54474
IL,Pope,635,50404
IL,Pulaski,1128,42738
IL,Putnam,418,74798
IL,Randolph,3909,58694
IL,Richland,2188,56852
IL,Rock Island,22803,58171
IL,St. Clair,33300,66422
IL,Saline,3976,50914
IL,Sangamon,27610,68476
IL,Schuyler,829,57839
IL,Scott,552,63510
IL,Shelby,2129,55725
IL,Stark,592,58265
IL,Stephenson,5216,56263
IL,Tazewell,11918,65427
IL,Union,2844,52384
IL,Vermilion,13859,49825
IL,Wabash,1609,56183
IL,Warren,2067,61734
IL,Washington,1141,66746
IL,Wayne,2263,51669
IL,White,2111,50653
IL,Whiteside,7181,56805
IL,Will,54149,93994
IL,Williamson,9551,55447
IL,Winnebago,39659,57113
IL,Woodford,2484,85085
IN,Indiana,799733,62723
IN,Adams,4478,62282
IN,Allen,50086,62680
IN,Bartholomew,6624,72458
IN,Benton,901,60738
IN,Blackford,1526,47553
IN,Boone,3980,98047
IN,Brown,1670,66839
IN,Carroll,1730,57019
IN,Cass,4459,53813
IN,Clark,12668,62822
IN,Clay,2894,64245
IN,Clinton,3352,60609
IN,Crawford,1605,52031
IN,Daviess,4151,59888
IN,Dearborn,3819,73150
IN,Decatur,2576,64871
IN,De Kalb,3411,65059
IN,Delaware,19056,50533
IN,Dubois,3187,67615
IN,Elkhart,22950,62233
IN,Fayette,3116,50642
IN,Floyd,7237,67330
IN,Fountain,1726,55195
IN,Franklin,1950,61261
IN,Fulton,2224,57400
IN,Gibson,3675,60592
IN,Grant,11528,50248
IN,Greene,4349,55504
IN,Hamilton,13447,108203
IN,Hancock,4459,80326
IN,Harrison,3320,66989
IN,Hendricks,9294,90298
IN,Henry,6831,52994
IN,Howard,9771,56268
IN,Huntington,3758,55546
IN,Jackson,6443,61943
IN,Jasper,2807,74336
IN,Jay,2723,52315
IN,Jefferson,3593,59333
IN,Jennings,3421,61964
IN,Johnson,12092,79914
IN,Knox,5092,56564
IN,Kosciusko,7328,66525
IN,Lagrange,2998,80335
IN,Lake,68461,61468
IN,La Porte,12934,62620
IN,Lawrence,5608,52557
IN,Madison,19464,54026
IN,Marion,143143,58737
IN,Marshall,3916,68799
IN,Martin,1119,61520
IN,Miami,4841,56867
IN,Monroe,26549,53166
IN,Montgomery,4326,57997
IN,Morgan,7344,69203
IN,Newton,1622,61336
IN,Noble,4226,65979
IN,Ohio,539,64947
IN,Orange,2807,52910
IN,Owen,2395,57716
IN,Parke,2375,55683
IN,Perry,2271,58097
IN,Pike,1349,52093
IN,Porter,16533,80878
IN,Posey,2268,74102
IN,Pulaski,1393,58239
IN,Putnam,3858,61223
IN,Randolph,3371,50809
IN,Ripley,2548,65893
IN,Rush,1806,60486
IN,St. Joseph,37269,59325
IN,Scott,3461,54747
IN,Shelby,4382,64528
IN,Spencer,1582,62311
IN,Starke,3292,57994
IN,Steuben,3237,65407
IN,Sullivan,2998,47606
IN,Switzerland,1345,57362
IN,Tippecanoe,30391,55192
IN,Tipton,1366,67866
IN,Union,778,65572
IN,Vanderburgh,24050,53795
IN,Vermillion,1873,53540
IN,Vigo,19709,48421
IN,Wabash,3253,62193
IN,Warren,743,63154
IN,Warrick,4311,83005
IN,Washington,3131,57348
IN,Wayne,10163,50569
IN,Wells,2108,66102
IN,White,2426,62151
IN,Whitley,2494,64146
IA,Adair,749,60847
IA,Adams,383,54403
IA,Allamakee,1349,60717
IA,Appanoose,2069,51222
IA,Audubon,564,69484
IA,Benton,2128,78155
IA,Black Hawk,17005,60716
IA,Boone,2038,69888
IA,Bremer,1681,75395
IA,Buchanan,2011,64503
IA,Buena Vista,2149,60576
IA,Butler,1238,65284
IA,Calhoun,1117,59643
IA,Carroll,1889,65598
IA,Cass,1847,55909
IA,Cedar,1323,75894
IA,Cerro Gordo,4895,55465
IA,Cherokee,1134,64286
IA,Chickasaw,1005,67667
IA,Clarke,923,58483
IA,Clay,1521,60162
IA,Clayton,1678,56076
IA,Clinton,5261,60528
IA,Crawford,1817,58874
IA,Dallas,5499,94467
IA,Davis,916,75730
IA,Decatur,1165,48666
IA,Delaware,1582,69767
IA,Des Moines,5014,53917
IA,Dickinson,1333,67949
IA,Dubuque,7743,73968
IA,Emmet,1026,52000
IA,Fayette,2185,56366
IA,Floyd,1719,59638
IA,Franklin,987,60269
IA,Fremont,681,68622
IA,Greene,977,57737
IA,Grundy,762,71652
IA,Guthrie,1024,66112
IA,Hamilton,1221,64292
IA,Hancock,914,61544
IA,Hardin,1551,58126
IA,Harrison,1491,67433
IA,Henry,2296,61112
IA,Howard,923,58857
IA,Humboldt,954,69252
IA,Ida,735,58792
IA,Iowa,1248,66613
IA,Jackson,2266,61307
IA,Jasper,3345,65714
IA,Jefferson,1943,52763
IA,Johnson,21477,68664
IA,Jones,2057,62810
IA,Keokuk,1099,56843
IA,Kossuth,1507,62571
IA,Lee,4511,56001
IA,Linn,21754,70464
IA,Louisa,1183,64151
IA,Lucas,1111,64796
IA,Lyon,812,70654
IA,Madison,1228,82730
IA,Mahaska,2640,62776
IA,Marion,2751,69307
IA,Marshall,4463,63541
IA,Mills,1198,76917
IA,Mitchell,909,61719
IA,Monona,1016,56394
IA,Monroe,786,62014
IA,Montgomery,1179,53399
IA,Muscatine,4666,63519
IA,O'Brien,1406,62959
IA,Osceola,542,62624
IA,Page,2219,55317
IA,Palo Alto,1024,57866
IA,Plymouth,1832,74002
IA,Pocahontas,702,59634
IA,Polk,49300,73276
IA,Pottawattamie,11207,66144
IA,Poweshiek,2145,60542
IA,Ringgold,597,52849
IA,Sac,958,66007
IA,Scott,22074,66443
IA,Shelby,921,64534
IA,Sioux,2212,84283
IA,Story,15885,65137
IA,Tama,2136,61660
IA,Taylor,743,54458
IA,Union,1497,55698
IA,Van Buren,917,53210
IA,Wapello,5308,55297
IA,Warren,2827,85704
IA,Washington,1928,65761
IA,Wayne,861,53282
IA,Webster,5102,55183
IA,Winnebago,1067,59949
IA,Winneshiek,1565,70482
IA,Woodbury,15992,60110
IA,Worth,712,64965
IA,Wright,1325,61072
KS,Kansas,332457,64128
KS,Allen,1941,50794
KS,Anderson,931,57068
KS,Atchison,2211,57445
KS,Barber,438,56344
KS,Barton,3482,54236
KS,Bourbon,2113,51355
KS,Brown,1311,52446
KS,Butler,6309,71826
KS,Chase,268,57415
KS,Chautauqua,512,46986
KS,Cherokee,2808,51353
KS,Cheyenne,355,49281
KS,Clark,218,58699
KS,Clay,772,59343
KS,Cloud,1127,50176
KS,Coffey,760,64991
KS,Comanche,160,51548
KS,Cowley,4534,51699
KS,Crawford,7956,47718
KS,Decatur,327,49062
KS,Dickinson,1799,60693
KS,Doniphan,891,59400
KS,Douglas,17644,59763
KS,Edwards,334,40896
KS,Elk,390,45405
KS,Ellis,3480,58846
KS,Ellsworth,574,59368
KS,Finney,4662,62157
KS,Ford,3861,67105
KS,Franklin,2631,64136
KS,Geary,4356,54104
KS,Gove,264,58442
KS,Graham,295,49884
KS,Grant,813,64425
KS,Gray,417,69219
KS,Greeley,122,65448
KS,Greenwood,894,50157
KS,Hamilton,294,61066
KS,Harper,848,49103
KS,Harvey,3123,65989
KS,Haskell,344,66245
KS,Hodgeman,163,65042
KS,Jackson,1216,54623
KS,Jefferson,1451,73702
KS,Jewell,384,52362
KS,Johnson,36111,93220
KS,Kearny,394,76518
KS,Kingman,840,58917
KS,Kiowa,257,55600
KS,Labette,3294,49185
KS,Lane,145,61506
KS,Leavenworth,6637,81325
KS,Lincoln,320,53199
KS,Linn,1142,57104
KS,Logan,237,61365
KS,Lyon,4223,51420
KS,McPherson,2535,64853
KS,Marion,1166,56983
KS,Marshall,1043,55737
KS,Meade,379,68909
KS,Miami,2440,77550
KS,Mitchell,568,59001
KS,Montgomery,4784,49251
KS,Morris,573,53808
KS,Morton,295,57476
KS,Nemaha,840,68755
KS,Neosho,2288,51056
KS,Ness,252,57269
KS,Norton,584,52131
KS,Osage,1576,63166
KS,Osborne,410,52866
KS,Ottawa,616,58366
KS,Pawnee,782,54004
KS,Phillips,569,54720
KS,Pottawatomie,2049,78296
KS,Pratt,1027,58506
KS,Rawlins,288,49823
KS,Reno,7654,52121
KS,Republic,509,50131
KS,Rice,1125,58384
KS,Riley,11134,57144
KS,Rooks,475,51957
KS,Rush,379,53110
KS,Russell,961,48071
KS,Saline,6764,57643
KS,Scott,362,66233
KS,Sedgwick,68690,60540
KS,Seward,2899,61897
KS,Shawnee,25426,56625
KS,Sheridan,272,58786
KS,Sherman,777,54207
KS,Smith,425,49756
KS,Stafford,489,52542
KS,Stanton,217,65457
KS,Stevens,521,64368
KS,Sumner,2694,58342
KS,Thomas,651,61169
KS,Trego,286,56619
KS,Wabaunsee,530,72031
KS,Wallace,185,59241
KS,Washington,536,55590
KS,Wichita,231,58549
KS,Wilson,1429,46829
KS,Woodson,432,41706
KS,Wyandotte,27959,54943
KY,Kentucky,712023,55532
KY,Adair,4237,42112
KY,Allen,3516,51485
KY,Anderson,2144,67773
KY,Ballard,1095,53491
KY,Barren,8455,49245
KY,Bath,2600,43410
KY,Bell,7388,31033
KY,Boone,8664,85284
KY,Bourbon,3008,58304
KY,Boyd,9672,48979
KY,Boyle,4247,52940
KY,Bracken,1241,55347
KY,Breathitt,4117,33005
KY,Breckinridge,3427,50012
KY,Bullitt,9146,68630
KY,Butler,2203,49288
KY,Caldwell,2001,46240
KY,Calloway,5792,49263
KY,Campbell,10009,71245
KY,Carlisle,738,56804
KY,Carroll,1890,49814
KY,Carter,6592,43538
KY,Casey,3188,38320
KY,Christian,11046,48416
KY,Clark,4202,60774
KY,Clay,6660,30700
KY,Clinton,2071,36865
KY,Crittenden,1654,46263
KY,Cumberland,1308,39511
KY,Daviess,13621,59304
KY,Edmonson,2237,47734
KY,Elliott,1697,34491
KY,Estill,3148,41843
KY,Fayette,45319,61269
KY,Fleming,2639,50025
KY,Floyd,9775,36253
KY,Franklin,6670,60517
KY,Fulton,1415,35630
KY,Gallatin,1280,57345
KY,Garrard,2492,54882
KY,Grant,3149,61078
KY,Graves,5859,49668
KY,Grayson,4672,45695
KY,Green,2179,42569
KY,Greenup,5124,54292
KY,Hancock,1135,60897
KY,Hardin,12683,61224
KY,Harlan,8521,31116
KY,Harrison,2644,58535
KY,Hart,3911,50074
KY,Henderson,5388,56142
KY,Henry,2167,56593
KY,Hickman,782,49328
KY,Hopkins,8164,49883
KY,Jackson,3237,36997
KY,Jefferson,110325,60636
KY,Jessamine,7179,61652
KY,Johnson,5326,41013
KY,Kenton,21038,70693
KY,Knott,4303,34051
KY,Knox,10263,32646
KY,Larue,2275,54470
KY,Laurel,12024,48950
KY,Lawrence,3991,42750
KY,Lee,2158,29143
KY,Leslie,2986,32682
KY,Letcher,6112,34897
KY,Lewis,2899,40508
KY,Lincoln,4637,44399
KY,Livingston,1283,48371
KY,Logan,4561,53519
KY,Lyon,1128,56445
KY,McCracken,11491,60504
KY,McCreary,5122,32938
KY,McLean,1228,53102
KY,Madison,14628,54498
KY,Magoffin,3781,34423
KY,Marion,3042,51523
KY,Marshall,4274,57802
KY,Martin,3953,29387
KY,Mason,2846,49924
KY,Meade,4421,58839
KY,Menifee,1699,38928
KY,Mercer,2910,53336
KY,Metcalfe,1971,42755
KY,Monroe,2433,41638
KY,Montgomery,4530,51831
KY,Morgan,3138,47131
KY,Muhlenberg,6086,45883
KY,Nelson,4998,62036
KY,Nicholas,1252,46547
KY,Ohio,3816,55432
KY,Oldham,3118,109181
KY,Owen,1708,55321
KY,Owsley,1386,29365
KY,Pendleton,2146,56036
KY,Perry,8164,36528
KY,Pike,16831,38066
KY,Powell,2941,40116
KY,Pulaski,12339,45532
KY,Robertson,407,51177
KY,Rockcastle,3375,43378
KY,Rowan,4572,52451
KY,Russell,4854,40454
KY,Scott,5418,71961
KY,Shelby,4422,72524
KY,Simpson,2638,58531
KY,Spencer,1470,91160
KY,Taylor,4375,50258
KY,Todd,2291,51189
KY,Trigg,2431,52511
KY,Trimble,1124,62902
KY,Union,2468,50862
KY,Warren,19324,59223
KY,Washington,1532,64733
KY,Wayne,4604,38651
KY,Webster,1944,52575
KY,Whitley,9665,37530
KY,Wolfe,1860,34749
KY,Woodford,2283,76942
LA,Louisiana,878477,52090
LA,Acadia Parish,11655,44648
LA,Allen Parish,3897,43192
LA,Ascension Parish,14512,75498
LA,Assumption Parish,3908,42404
LA,Avoyelles Parish,10991,38567
LA,Beauregard Parish,5612,59550
LA,Bienville Parish,3242,38093
LA,Bossier Parish,19266,61225
LA,Caddo Parish,53728,44968
LA,Calcasieu Parish,36850,57667
LA,Caldwell Parish,2048,39079
LA,Cameron Parish,709,62457
LA,Catahoula Parish,2148,38006
LA,Claiborne Parish,3415,36115
LA,Concordia Parish,5733,36821
LA,De Soto Parish,5247,48007
LA,East Baton Rouge Parish,84936,51746
LA,East Carroll Parish,2417,30288
LA,East Feliciana Parish,3404,51296
LA,Evangeline Parish,8132,37707
LA,Franklin Parish,4565,38439
LA,Grant Parish,3976,50979
LA,Iberia Parish,16297,47391
LA,Iberville Parish,5927,47942
LA,Jackson Parish,2855,45481
LA,Jefferson Parish,75278,56080
LA,Jefferson Davis Parish,5453,48709
LA,Lafayette Parish,42273,59062
LA,Lafourche Parish,15052,58740
LA,La Salle Parish,2658,47205
LA,Lincoln Parish,10976,40384
LA,Livingston Parish,17350,71605
LA,Madison Parish,2985,33619
LA,Morehouse Parish,7487,36998
LA,Natchitoches Parish,7777,43381
LA,Orleans Parish,92262,46188
LA,Ouachita Parish,38985,47737
LA,Plaquemines Parish,3339,68765
LA,Pointe Coupee Parish,3817,51988
LA,Rapides Parish,24885,47316
LA,Red River Parish,1761,40724
LA,Richland Parish,4733,39804
LA,Sabine Parish,4300,44952
LA,St. Bernard Parish,9531,46938
LA,St. Charles Parish,6097,70224
LA,St. Helena Parish,2729,41937
LA,St. James Parish,3327,60466
LA,St. John the Baptist Parish,6976,58548
LA,St. Landry Parish,21307,39806
LA,St. Martin Parish,9377,49271
LA,St. Mary Parish,10869,42757
LA,St. Tammany Parish,34095,68616
LA,Tangipahoa Parish,23496,51596
LA,Tensas Parish,1293,31438
LA,Terrebonne Parish,18132,59482
LA,Union Parish,4305,43746
LA,Vermilion Parish,11444,52070
LA,Vernon Parish,7909,51401
LA,Washington Parish,10657,39363
LA,Webster Parish,8444,41436
LA,West Baton Rouge Parish,4127,67436
LA,West Carroll Parish,2081,40812
LA,West Feliciana Parish,2268,69086
LA,Winn Parish,3174,44942
ME,Maine,149571,64823
ME,Androscoggin,15136,61411
ME,Aroostook,9666,51770
ME,Cumberland,22937,80484
ME,Franklin,3351,52295
ME,Hancock,6077,57001
ME,Kennebec,13702,60449
ME,Knox,4171,68786
ME,Lincoln,3266,65638
ME,Oxford,8728,51872
ME,Penobscot,21301,56261
ME,Piscataquis,2376,49999
ME,Sagadahoc,3209,75624
ME,Somerset,7378,51040
ME,Waldo,5124,58262
ME,Washington,5602,42755
ME,York,17548,73794
MD,Maryland,620829,90129
MD,Allegany,9934,49236
MD,Anne Arundel,35719,107281
MD,Baltimore,81334,80159
MD,Calvert,5419,117459
MD,Caroline,4449,61945
MD,Carroll,9212,102006
MD,Cecil,11243,76727
MD,Charles,11263,103918
MD,Dorchester,4807,54731
MD,Frederick,18065,104253
MD,Garrett,3095,55107
MD,Harford,19813,95951
MD,Howard,20724,131412
MD,Kent,2154,66183
MD,Montgomery,88627,112352
MD,Prince George's,106832,89689
MD,Queen Anne's,4044,94583
MD,St. Mary's,8744,106539
MD,Somerset,4608,47131
MD,Talbot,3511,78931
MD,Washington,21284,65433
MD,Wicomico,14083,61848
MD,Worcester,5379,70952
MD,Baltimore city,126488,54068
MA,Massachusetts,701700,89577
MA,Barnstable,18293,82980
MA,Berkshire,13454,60945
MA,Bristol,67318,72857
MA,Dukes,1601,79338
MA,Essex,75743,87145
MA,Franklin,7464,68948
MA,Hampden,76268,61818
MA,Hampshire,16221,77117
MA,Middlesex,120205,112345
MA,Nantucket,846,110966
MA,Norfolk,48469,114658
MA,Plymouth,39035,99445
MA,Suffolk,133563,77163
MA,Worcester,83218,84583
MI,Michigan,1283086,63444
MI,Alcona,1277,46749
MI,Alger,993,54516
MI,Allegan,11306,73873
MI,Alpena,4405,50848
MI,Antrim,2412,59430
MI,Arenac,2204,50452
MI,Baraga,1146,46656
MI,Barry,5522,68380
MI,Bay,12865,56681
MI,Benzie,1673,67924
MI,Berrien,24171,57554
MI,Branch,5388,60481
MI,Calhoun,17864,55639
MI,Cass,5849,62065
MI,Charlevoix,2362,64604
MI,Cheboygan,3273,53747
MI,Chippewa,5697,48972
MI,Clare,5798,46085
MI,Clinton,6121,77617
MI,Crawford,2067,50367
MI,Delta,4274,53234
MI,Dickinson,2898,56033
MI,Eaton,9406,70638
MI,Emmet,2914,71401
MI,Genesee,65045,52157
MI,Gladwin,3999,49146
MI,Gogebic,2434,44675
MI,Grand Traverse,8330,66271
MI,Gratiot,5666,55249
MI,Hillsdale,6336,54863
MI,Houghton,4863,52585
MI,Huron,3655,51767
MI,Ingham,42168,57733
MI,Ionia,7100,64641
MI,Iosco,3615,47401
MI,Iron,1750,48920
MI,Isabella,10971,47999
MI,Jackson,18075,58637
MI,Kalamazoo,35688,62476
MI,Kalkaska,1941,57920
MI,Kent,64334,71933
MI,Keweenaw,225,50729
MI,Lake,2279,40382
MI,Lapeer,8081,71306
MI,Leelanau,1499,86406
MI,Lenawee,10508,62050
MI,Livingston,10009,92357
MI,Luce,821,47959
MI,Mackinac,1258,53028
MI,Macomb,100776,67646
MI,Manistee,3139,54422
MI,Marquette,8283,56179
MI,Mason,4010,55536
MI,Mecosta,6535,52481
MI,Menominee,2440,57421
MI,Midland,8731,68054
MI,Missaukee,1773,51151
MI,Monroe,14570,66179
MI,Montcalm,8458,55735
MI,Montmorency,1555,44500
MI,Muskegon,24759,55410
MI,Newaygo,7206,57840
MI,Oakland,98665,86597
MI,Oceana,3829,56533
MI,Ogemaw,3555,45186
MI,Ontonagon,680,46824
MI,Osceola,2942,52272
MI,Oscoda,1345,42620
MI,Otsego,2529,59538
MI,Ottawa,21846,79402
MI,Presque Isle,1745,56119
MI,Roscommon,4157,50822
MI,Saginaw,38006,50992
MI,St. Clair,17579,61466
MI,St. Joseph,7422,58400
MI,Sanilac,5805,49541
MI,Schoolcraft,1103,49735
MI,Shiawassee,7248,53197
MI,Tuscola,6758,52365
MI,Van Buren,9968,59240
MI,Washtenaw,43132,77359
MI,Wayne,344903,52644
MI,Wexford,5097,53711
MN,Minnesota,519437,77712
MN,Aitkin,1703,56471
MN,Anoka,24537,88416
MN,Becker,3929,67261
MN,Beltrami,6816,60386
MN,Benton,3547,67048
MN,Big Stone,642,55635
MN,Blue Earth,8653,68620
MN,Brown,2274,63708
MN,Carlton,3605,68442
MN,Carver,4979,106582
MN,Cass,3566,57928
MN,Chippewa,1290,58611
MN,Chisago,3659,85080
MN,Clay,8064,67970
MN,Clearwater,1185,60235
MN,Cook,540,62528
MN,Cottonwood,1364,58801
MN,Crow Wing,7114,64008
MN,Dakota,22043,93850
MN,Dodge,1240,84385
MN,Douglas,3580,67370
MN,Faribault,1540,55696
MN,Fillmore,2574,67804
MN,Freeborn,3074,62770
MN,Goodhue,3771,74974
MN,Grant,608,61901
MN,Hennepin,124666,84220
MN,Houston,1373,70325
MN,Hubbard,2202,65557
MN,Isanti,3516,74481
MN,Itasca,5390,59138
MN,Jackson,1012,64052
MN,Kanabec,2027,57937
MN,Kandiyohi,5345,66030
MN,Kittson,395,60785
MN,Koochiching,1597,59299
MN,Lac qui Parle,639,62182
MN,Lake,953,68725
MN,Lake of the Woods,391,62357
MN,Le Sueur,1925,82936
MN,Lincoln,482,60199
MN,Lyon,2555,66692
MN,McLeod,2725,67835
MN,Mahnomen,997,52486
MN,Marshall,828,66165
MN,Martin,2117,57521
MN,Meeker,1991,66785
MN,Mille Lacs,2869,66546
MN,Morrison,3398,63671
MN,Mower,4590,60831
MN,Murray,698,72302
MN,Nicollet,3141,73386
MN,Nobles,2460,58596
MN,Norman,744,60560
MN,Olmsted,12458,83656
MN,Otter Tail,5630,63741
MN,Pennington,1347,64778
MN,Pine,3031,62206
MN,Pipestone,965,58379
MN,Polk,3658,61629
MN,Pope,970,70662
MN,Ramsey,68409,70485
MN,Red Lake,353,57208
MN,Redwood,1410,61480
MN,Renville,1514,63768
MN,Rice,5661,71490
MN,Rock,913,67389
MN,Roseau,1487,69341
MN,St. Louis,26441,64321
MN,Scott,7034,108730
MN,Sherburne,5756,92205
MN,Sibley,1322,73913
MN,Stearns,20682,67213
MN,Steele,3345,70093
MN,Stevens,1051,64585
MN,Swift,1035,59516
MN,Todd,3262,58012
MN,Traverse,402,60270
MN,Wabasha,1573,68843
MN,Wadena,1748,55215
MN,Waseca,1597,69110
MN,Washington,13900,105251
MN,Watonwan,1269,65099
MN,Wilkin,621,65514
MN,Winona,5684,63878
MN,Wright,7005,99744
MN,Yellow Medicine,984,64247
MS,Mississippi,549710,48871
MS,Adams,6846,40007
MS,Alcorn,5712,46712
MS,Amite,2747,41927
MS,Attala,3902,40592
MS,Benton,1499,41019
MS,Bolivar,9905,35599
MS,Calhoun,2888,38073
MS,Carroll,1509,46012
MS,Chickasaw,3288,40762
MS,Choctaw,1674,43567
MS,Claiborne,2530,33163
MS,Clarke,2828,43774
MS,Clay,4161,40257
MS,Coahoma,7660,31234
MS,Copiah,5710,43471
MS,Covington,3586,43796
MS,DeSoto,20337,72890
MS,Forrest,15097,45326
MS,Franklin,1682,43579
MS,George,3960,54560
MS,Greene,2352,45013
MS,Grenada,4667,39562
MS,Hancock,7913,54207
MS,Harrison,36796,54090
MS,Hinds,54213,42092
MS,Holmes,5918,28236
MS,Humphreys,2489,30555
MS,Issaquena,436,29050
MS,Itawamba,3005,51454
MS,Jackson,21019,57664
MS,Jasper,2704,43527
MS,Jefferson,2163,32234
MS,Jefferson Davis,2776,34876
MS,Jones,12286,44670
MS,Kemper,2126,37262
MS,Lafayette,8653,52428
MS,Lamar,7678,65261
MS,Lauderdale,15632,44492
MS,Lawrence,2274,45844
MS,Leake,4157,42938
MS,Lee,12446,57597
MS,Leflore,9394,31091
MS,Lincoln,6086,45609
MS,Lowndes,10511,49086
MS,Madison,12447,77665
MS,Marion,5415,40017
MS,Marshall,6367,40650
MS,Monroe,5677,47768
MS,Montgomery,2042,40442
MS,Neshoba,6061,44008
MS,Newton,4153,45278
MS,Noxubee,2674,34467
MS,Oktibbeha,10406,43226
MS,Panola,7383,42287
MS,Pearl River,8894,51023
MS,Perry,2352,45758
MS,Pike,10753,39063
MS,Pontotoc,5086,50133
MS,Prentiss,4005,49750
MS,Quitman,1981,31877
MS,Rankin,16460,71478
MS,Scott,5235,41496
MS,Sharkey,1274,32650
MS,Simpson,5409,43757
MS,Smith,2394,48335
MS,Stone,2898,51353
MS,Sunflower,8186,34017
MS,Tallahatchie,3418,35671
MS,Tate,4067,54882
MS,Tippah,4049,49254
MS,Tishomingo,2894,47839
MS,Tunica,2540,37886
MS,Union,3894,51678
MS,Walthall,3260,37080
MS,Warren,8915,50060
MS,Washington,12081,38040
MS,Wayne,4418,38380
MS,Webster,1635,49335
MS,Wilkinson,2349,33777
MS,Winston,3810,48427
MS,Yalobusha,2733,42995
MS,Yazoo,6876,37119
MO,Missouri,765097,61815
MO,Adair,5348,47619
MO,Andrew,1543,63665
MO,Atchison,644,54708
MO,Audrain,3816,55262
MO,Barry,6536,47532
MO,Barton,1785,46554
MO,Bates,2162,54634
MO,Benton,3080,51574
MO,Bollinger,1572,54291
MO,Boone,29264,62805
MO,Buchanan,14831,51811
MO,Butler,8210,43640
MO,Caldwell,1152,52861
MO,Callaway,4312,64333
MO,Camden,5681,54637
MO,Cape Girardeau,9666,60997
MO,Carroll,1001,59257
MO,Carter,1077,39423
MO,Cass,7893,79949
MO,Cedar,2598,43563
MO,Chariton,848,56898
MO,Christian,7564,70623
MO,Clark,864,50390
MO,Clay,20470,75129
MO,Clinton,2104,64823
MO,Cole,8479,63972
MO,Cooper,2026,56824
MO,Crawford,3565,49511
MO,Dade,1134,43303
MO,Dallas,2844,46189
MO,Daviess,1059,56786
MO,DeKalb,1234,54112
MO,Dent,2343,45530
MO,Douglas,2381,41505
MO,Dunklin,6029,42932
MO,Franklin,9966,68162
MO,Gasconade,1648,56626
MO,Gentry,854,49726
MO,Greene,38292,53391
MO,Grundy,1562,49560
MO,Harrison,1214,47536
MO,Henry,3189,48263
MO,Hickory,1546,40224
MO,Holt,576,54322
MO,Howard,1152,55699
MO,Howell,7236,45132
MO,Iron,1713,44817
MO,Jackson,92796,63282
MO,Jasper,20272,51936
MO,Jefferson,19654,68959
MO,Johnson,5895,59146
MO,Knox,642,45464
MO,Laclede,5599,46405
MO,Lafayette,3372,68142
MO,Lawrence,5485,51385
MO,Lewis,1383,47136
MO,Lincoln,5657,76182
MO,Linn,1716,49490
MO,Livingston,1867,51789
MO,McDonald,4129,41784
MO,Macon,2042,49295
MO,Madison,1727,46428
MO,Maries,941,52560
MO,Marion,3760,54542
MO,Mercer,448,49815
MO,Miller,3696,47185
MO,Mississippi,2593,38559
MO,Moniteau,1658,56419
MO,Monroe,1288,52079
MO,Montgomery,1460,52818
MO,Morgan,3710,50410
MO,New Madrid,3467,39778
MO,Newton,8784,58832
MO,Nodaway,2725,49751
MO,Oregon,1807,37898
MO,Osage,1093,67603
MO,Ozark,1780,41194
MO,Pemiscot,3568,36828
MO,Perry,1890,56788
MO,Pettis,6810,49333
MO,Phelps,7607,49346
MO,Pike,2692,51699
MO,Platte,7464,86720
MO,Polk,4694,53856
MO,Pulaski,5522,58046
MO,Putnam,669,46774
MO,Ralls,1006,61239
MO,Randolph,3439,48560
MO,Ray,2361,68609
MO,Reynolds,984,42611
MO,Ripley,2457,37865
MO,St. Charles,21239,92029
MO,St. Clair,1675,41754
MO,Ste. Genevieve,1885,63729
MO,St. Francois,11027,48557
MO,St. Louis,102288,72507
MO,Saline,3004,51994
MO,Schuyler,518,49163
MO,Scotland,653,48665
MO,Scott,5909,49257
MO,Shannon,1517,36683
MO,Shelby,827,50838
MO,Stoddard,5028,46818
MO,Stone,4554,53039
MO,Sullivan,943,46864
MO,Taney,8531,47210
MO,Texas,5146,41483
MO,Vernon,3648,48273
MO,Warren,2850,71073
MO,Washington,4355,44063
MO,Wayne,2157,41271
MO,Webster,5857,59303
MO,Worth,271,45477
MO,Wright,3636,41748
MO,St. Louis city,60908,49246
MT,Montana,129910,63357
MT,Beaverhead,1158,53776
MT,Big Horn,3293,47179
MT,Blaine,1302,46335
MT,Broadwater,620,66307
MT,Carbon,998,62841
MT,Carter,185,52116
MT,Cascade,10709,57085
MT,Chouteau,843,51113
MT,Custer,1513,54913
MT,Daniels,184,52852
MT,Dawson,940,70252
MT,Deer Lodge,1292,45725
MT,Fallon,266,63793
MT,Fergus,1359,54823
MT,Flathead,10183,65835
MT,Gallatin,10517,78910
MT,Garfield,179,49898
MT,Glacier,3331,44777
MT,Golden Valley,134,43820
MT,Granite,389,52984
MT,Hill,2670,54377
MT,Jefferson,913,68128
MT,Judith Basin,308,51392
MT,Lake,5450,50978
MT,Lewis and Clark,6389,67702
MT,Liberty,303,49277
MT,Lincoln,3409,48156
MT,McCone,236,51881
MT,Madison,808,62516
MT,Meagher,292,45391
MT,Mineral,683,50327
MT,Missoula,15043,65682
MT,Musselshell,766,54003
MT,Park,1717,59113
MT,Petroleum,67,48141
MT,Phillips,600,53626
MT,Pondera,990,47900
MT,Powder River,184,52298
MT,Powell,891,47687
MT,Prairie,146,46328
MT,Ravalli,4323,60030
MT,Richland,1022,63148
MT,Roosevelt,2692,47266
MT,Rosebud,1419,61331
MT,Sanders,1883,50270
MT,Sheridan,409,56095
MT,Silver Bow,4471,52495
MT,Stillwater,731,75820
MT,Sweet Grass,356,61454
MT,Teton,765,59787
MT,Toole,641,49297
MT,Treasure,93,58275
MT,Valley,877,55338
MT,Wheatland,346,42431
MT,Wibaux,101,51924
MT,Yellowstone,18523,69182
NE,Nebraska,201627,66949
NE,Adams,3501,57136
NE,Antelope,625,57413
NE,Arthur,57,58677
NE,Banner,71,59863
NE,Blaine,63,53541
NE,Boone,506,64705
NE,Box Butte,1176,65493
NE,Boyd,248,51107
NE,Brown,315,52738
NE,Buffalo,5163,65721
NE,Burt,661,61317
NE,Butler,686,66416
NE,Cass,1708,77771
NE,Cedar,652,64037
NE,Chase,330,59492
NE,Cherry,601,53533
NE,Cheyenne,1127,54772
NE,Clay,595,64315
NE,Colfax,861,69498
NE,Cuming,758,66165
NE,Custer,1100,56531
NE,Dakota,2181,64231
NE,Dawes,1144,50905
NE,Dawson,2528,61817
NE,Deuel,207,51583
NE,Dixon,438,64943
NE,Dodge,3817,59872
NE,Douglas,67277,69475
NE,Dundy,225,52916
NE,Fillmore,478,65739
NE,Franklin,375,54192
NE,Frontier,293,53735
NE,Furnas,540,54308
NE,Gage,2556,56261
NE,Garden,274,53240
NE,Garfield,203,51055
NE,Gosper,155,67263
NE,Grant,58,64244
NE,Greeley,277,53225
NE,Hall,7341,60751
NE,Hamilton,618,73024
NE,Harlan,296,58928
NE,Hayes,118,57060
NE,Hitchcock,339,50300
NE,Holt,1081,61415
NE,Hooker,50,52254
NE,Howard,525,70906
NE,Jefferson,686,57098
NE,Johnson,564,50886
NE,Kearney,509,72694
NE,Keith,951,53637
NE,Keya Paha,152,49421
NE,Kimball,401,52460
NE,Knox,1009,54189
NE,Lancaster,37132,65436
NE,Lincoln,3729,61702
NE,Logan,68,61004
NE,Loup,94,53369
NE,McPherson,43,54138
NE,Madison,3316,61263
NE,Merrick,678,64309
NE,Morrill,610,52933
NE,Nance,348,56880
NE,Nemaha,754,56658
NE,Nuckolls,398,59602
NE,Otoe,1458,67595
NE,Pawnee,312,50501
NE,Perkins,264,61156
NE,Phelps,768,66986
NE,Pierce,726,64607
NE,Platte,2619,70177
NE,Polk,338,69503
NE,Red Willow,1120,63958
NE,Richardson,866,54044
NE,Rock,175,53120
NE,Saline,1343,63187
NE,Sarpy,10533,88913
NE,Saunders,1626,78689
NE,Scotts Bluff,4773,53206
NE,Seward,1281,75305
NE,Sheridan,664,47543
NE,Sherman,323,54771
NE,Sioux,177,46834
NE,Stanton,412,71709
NE,Thayer,431,56626
NE,Thomas,79,53019
NE,Thurston,1247,52202
NE,Valley,462,52336
NE,Washington,1303,100572
NE,Wayne,1081,59787
NE,Webster,376,58161
NE,Wheeler,89,50850
NE,York,1143,64531
NV,Nevada,433095,66194
NV,Churchill,2636,67716
NV,Clark,341367,63735
NV,Douglas,3991,74053
NV,Elko,5156,81466
NV,Esmeralda,108,53509
NV,Eureka,190,80084
NV,Humboldt,1856,77018
NV,Lander,636,85773
NV,Lincoln,604,64304
NV,Lyon,5682,71547
NV,Mineral,791,53515
NV,Nye,7809,59282
NV,Pershing,919,52412
NV,Storey,290,79281
NV,Washoe,53423,76123
NV,White Pine,1042,63070
NV,Carson City,6597,64869
NH,New Hampshire,99562,88268
NH,Belknap,4840,75781
NH,Carroll,4039,66874
NH,Cheshire,7283,67883
NH,Coos,3650,53602
NH,Grafton,7288,77378
NH,Hillsborough,30217,90806
NH,Merrimack,12908,80842
NH,Rockingham,14449,104281
NH,Strafford,10959,91928
NH,Sullivan,3930,64919
NJ,New Jersey,925852,89227
NJ,Atlantic,40786,65693
NJ,Bergen,70847,104777
NJ,Burlington,34379,94043
NJ,Camden,62053,77675
NJ,Cape May,8437,74896
NJ,Cumberland,20814,58030
NJ,Essex,126387,66191
NJ,Gloucester,23243,93783
NJ,Hudson,109996,79159
NJ,Hunterdon,5115,122095
NJ,Mercer,38024,86499
NJ,Middlesex,67146,98992
NJ,Monmouth,47491,107500
NJ,Morris,28395,122525
NJ,Ocean,73139,75732
NJ,Passaic,71951,74016
NJ,Salem,7684,69844
NJ,Somerset,18705,123708
NJ,Sussex,8765,99695
NJ,Union,52354,85926
NJ,Warren,10140,82900
NM,New Mexico,367050,54304
NM,Bernalillo,100775,59723
NM,Catron,737,40273
NM,Chaves,17372,45098
NM,Cibola,6514,42862
NM,Colfax,2245,42787
NM,Curry,8797,50322
NM,DeBaca,327,40181
NM,Dona Ana,41993,46619
NM,Eddy,8329,66191
NM,Grant,5090,46503
NM,Guadalupe,999,37534
NM,Harding,111,44080
NM,Hidalgo,964,40226
NM,Lea,13332,51749
NM,Lincoln,3723,50472
NM,Los Alamos,719,134050
NM,Luna,6882,35040
NM,McKinley,21535,40149
NM,Mora,916,41734
NM,Otero,13201,49845
NM,Quay,1918,35776
NM,Rio Arriba,8138,47042
NM,Roosevelt,3775,46977
NM,Sandoval,14144,72545
NM,San Juan,29043,49977
NM,San Miguel,5597,43564
NM,Santa Fe,18790,67311
NM,Sierra,3001,37660
NM,Socorro,3504,38817
NM,Taos,6387,45626
NM,Torrance,3334,45684
NM,Union,670,41518
NM,Valencia,14188,50510
NY,Albany,35631,74512
NY,Allegany,6110,55320
NY,Bronx,366448,43143
NY,Broome,26337,55729
NY,Cattaraugus,11919,54602
NY,Cayuga,10696,62839
NY,Chautauqua,20925,48102
NY,Chemung,11843,59155
NY,Chenango,6086,58177
NY,Clinton,11090,60094
NY,Columbia,6333,69403
NY,Cortland,4710,62292
NY,Delaware,6757,53385
NY,Dutchess,27106,87370
NY,Erie,126486,63014
NY,Essex,4022,62884
NY,Franklin,7042,54960
NY,Fulton,7078,56169
NY,Genesee,5349,62785
NY,Greene,5354,61375
NY,Hamilton,491,57427
NY,Herkimer,7806,59366
NY,Jefferson,13592,59430
NY,Kings,501895,66943
NY,Lewis,3312,59978
NY,Livingston,6734,65221
NY,Madison,6594,66419
NY,Monroe,96950,66003
NY,Montgomery,7313,55523
NY,Nassau,83489,125118
NY,New York,264938,84371
NY,Niagara,27106,61068
NY,Oneida,30993,59804
NY,Onondaga,64695,65548
NY,Ontario,8524,76137
NY,Orange,47939,88494
NY,Orleans,6113,56140
NY,Oswego,17710,59394
NY,Otsego,7367,61664
NY,Putnam,6398,107014
NY,Queens,312866,72807
NY,Rensselaer,19087,74106
NY,Richmond,57909,84744
NY,Rockland,50989,98054
NY,St. Lawrence,14680,55531
NY,Saratoga,18123,87154
NY,Schenectady,19944,72357
NY,Schoharie,3700,67080
NY,Schuyler,2394,57706
NY,Seneca,4194,60985
NY,Steuben,12570,57584
NY,Suffolk,95569,112681
NY,Sullivan,13224,57017
NY,Tioga,5569,64052
NY,Tompkins,14936,65402
NY,Ulster,19822,77427
NY,Warren,6601,69314
NY,Washington,7120,61633
NY,Wayne,8981,65299
NY,Westchester,91529,109131
NY,Wyoming,3483,66261
NY,Yates,2482,63619
NC,North Carolina,1383626,61997
NC,Alamance,20916,58847
NC,Alexander,4443,52989
NC,Alleghany,1952,45239
NC,Anson,4414,40773
NC,Ashe,3768,45551
NC,Avery,2630,48470
NC,Beaufort,8863,50312
NC,Bertie,3345,41280
NC,Bladen,6342,42398
NC,Brunswick,13997,67286
NC,Buncombe,30954,63838
NC,Burke,12185,53758
NC,Cabarrus,21467,79148
NC,Caldwell,11804,44705
NC,Camden,868,79162
NC,Carteret,7997,63146
NC,Caswell,4463,50879
NC,Catawba,21477,59841
NC,Chatham,9444,82764
NC,Cherokee,4012,44211
NC,Chowan,2376,48568
NC,Clay,1548,51537
NC,Cleveland,17757,49009
NC,Columbus,11160,41206
NC,Craven,12150,57628
NC,Cumberland,50499,52463
NC,Currituck,2542,82759
NC,Dare,3274,68682
NC,Davidson,22945,53473
NC,Davie,4192,67224
NC,Duplin,9204,45149
NC,Durham,41987,71436
NC,Edgecombe,10671,41157
NC,Forsyth,53575,60228
NC,Franklin,8760,63687
NC,Gaston,33888,56017
NC,Gates,1389,59762
NC,Graham,1361,43647
NC,Granville,8231,62715
NC,Greene,4217,42884
NC,Guilford,70898,60915
NC,Halifax,12848,38944
NC,Harnett,17603,61701
NC,Haywood,8521,51817
NC,Henderson,13838,60384
NC,Hertford,4694,40461
NC,Hoke,8120,54948
NC,Hyde,849,44880
NC,Iredell,18028,69734
NC,Jackson,7364,50652
NC,Johnston,26562,69889
NC,Jones,1616,47616
NC,Lee,9533,56679
NC,Lenoir,11414,44244
NC,Lincoln,7830,73319
NC,McDowell,6323,50476
NC,Macon,5289,49406
NC,Madison,3162,51849
NC,Martin,4336,43261
NC,Mecklenburg,113013,75138
NC,Mitchell,2223,49086
NC,Montgomery,4407,52897
NC,Moore,9369,69373
NC,Nash,13770,55956
NC,New Hanover,26307,66212
NC,Northampton,3962,40524
NC,Onslow,25172,55645
NC,Orange,16964,79814
NC,Pamlico,1794,53732
NC,Pasquotank,5990,51365
NC,Pender,6668,69555
NC,Perquimans,2032,53760
NC,Person,6772,55287
NC,Pitt,35969,48116
NC,Polk,2394,58064
NC,Randolph,19487,57088
NC,Richmond,10979,42158
NC,Robeson,31425,38613
NC,Rockingham,16319,46868
NC,Rowan,24540,56441
NC,Rutherford,11118,44477
NC,Sampson,11846,48267
NC,Scotland,7747,44060
NC,Stanly,8896,57465
NC,Stokes,5800,57763
NC,Surry,11343,51820
NC,Swain,2427,47838
NC,Transylvania,4067,61737
NC,Tyrrell,621,39970
NC,Union,18556,87553
NC,Vance,8694,45557
NC,Wake,105694,91558
NC,Warren,3581,44794
NC,Washington,2237,42582
NC,Watauga,10642,55183
NC,Wayne,21361,49955
NC,Wilkes,11106,47891
NC,Wilson,14510,48777
NC,Yadkin,4695,56547
NC,Yancey,3230,46299
ND,North Dakota,82270,67603
ND,Adams,255,56364
ND,Barnes,1149,61111
ND,Benson,1520,47080
ND,Billings,103,77375
ND,Bottineau,691,67400
ND,Bowman,259,68253
ND,Burke,191,71492
ND,Burleigh,7923,71980
ND,Cass,19208,66351
ND,Cavalier,289,65006
ND,Dickey,527,55270
ND,Divide,232,64646
ND,Dunn,440,75713
ND,Eddy,264,57277
ND,Emmons,430,55883
ND,Foster,295,69364
ND,Golden Valley,218,63973
ND,Grand Forks,9430,64804
ND,Grant,401,48544
ND,Griggs,239,59520
ND,Hettinger,331,54282
ND,Kidder,335,55020
ND,LaMoure,436,65932
ND,Logan,259,51318
ND,McHenry,621,64262
ND,McIntosh,335,54211
ND,McKenzie,1254,86294
ND,McLean,1021,68419
ND,Mercer,655,78823
ND,Morton,3241,71415
ND,Mountrail,1064,71941
ND,Nelson,310,62095
ND,Oliver,207,72965
ND,Pembina,647,63809
ND,Pierce,457,55747
ND,Ramsey,1372,63973
ND,Ransom,489,71594
ND,Renville,188,66937
ND,Richland,1582,65184
ND,Rolette,3253,47394
ND,Sargent,340,69666
ND,Sheridan,209,49374
ND,Sioux,1581,40307
ND,Slope,88,57922
ND,Stark,3281,73453
ND,Steele,153,77013
ND,Stutsman,2324,63871
ND,Towner,241,66452
ND,Traill,761,72320
ND,Walsh,1224,61472
ND,Ward,6234,69957
ND,Wells,477,63665
ND,Williams,3239,77051
OH,Ohio,1523366,62286
OH,Adams,5136,47001
OH,Allen,14686,52518
OH,Ashland,5494,59117
OH,Ashtabula,14787,48916
OH,Athens,11068,49023
OH,Auglaize,3607,64942
OH,Belmont,9903,50602
OH,Brown,7227,58990
OH,Butler,43595,72859
OH,Carroll,3500,56287
OH,Champaign,4013,64876
OH,Clark,21066,59077
OH,Clermont,19702,70789
OH,Clinton,4908,62999
OH,Columbiana,16236,51019
OH,Coshocton,5033,50135
OH,Crawford,5552,50656
OH,Cuyahoga,197374,55250
OH,Darke,5295,59456
OH,Defiance,3773,66697
OH,Delaware,9056,118661
OH,Erie,9229,59226
OH,Fairfield,12969,80245
OH,Fayette,4622,58020
OH,Franklin,184504,66056
OH,Fulton,3412,68985
OH,Gallia,5086,49575
OH,Geauga,5915,91701
OH,Greene,16474,79035
OH,Guernsey,5748,50599
OH,Hamilton,126383,64087
OH,Hancock,7294,65866
OH,Hardin,4853,53940
OH,Harrison,2008,50691
OH,Henry,2424,69634
OH,Highland,5969,56772
OH,Hocking,4583,55814
OH,Holmes,4388,70027
OH,Huron,6440,62153
OH,Jackson,5676,48745
OH,Jefferson,10783,50442
OH,Knox,7421,61642
OH,Lake,16007,74208
OH,Lawrence,9767,49916
OH,Licking,19460,72936
OH,Logan,4597,65499
OH,Lorain,39308,63348
OH,Lucas,73260,53379
OH,Madison,5356,71958
OH,Mahoning,42174,50216
OH,Marion,9443,53172
OH,Medina,11016,86880
OH,Meigs,4603,45935
OH,Mercer,3054,67958
OH,Miami,8915,65537
OH,Monroe,1874,53036
OH,Montgomery,79459,56636
OH,Morgan,2211,46327
OH,Morrow,3911,62516
OH,Muskingum,13347,52806
OH,Noble,1877,50109
OH,Ottawa,3318,71409
OH,Paulding,1925,60274
OH,Perry,4871,63329
OH,Pickaway,5573,72652
OH,Pike,5112,49357
OH,Portage,19241,65445
OH,Preble,4448,56134
OH,Putnam,2401,72588
OH,Richland,15871,51733
OH,Ross,13510,53068
OH,Sandusky,7568,54399
OH,Scioto,16807,43981
OH,Seneca,6327,59292
OH,Shelby,5052,63848
OH,Stark,46583,59205
OH,Summit,65938,63191
OH,Trumbull,30583,51838
OH,Tuscarawas,11331,58282
OH,Union,3440,98167
OH,Van Wert,2521,61842
OH,Vinton,2436,46511
OH,Warren,14184,97011
OH,Washington,7871,55133
OH,Wayne,10916,60709
OH,Williams,3232,57131
OH,Wood,13773,64702
OH,Wyandot,1703,65757
OK,Adair,4015,43371
OK,Alfalfa,766,55157
OK,Atoka,2313,44489
OK,Beaver,570,60260
OK,Beckham,3688,46744
OK,Blaine,1523,50068
OK,Bryan,7600,47916
OK,Caddo,6435,44121
OK,Canadian,12976,75806
OK,Carter,6725,53211
OK,Cherokee,10031,42269
OK,Choctaw,2630,41228
OK,Cimarron,355,50300
OK,Cleveland,35293,67692
OK,Coal,980,44733
OK,Comanche,21533,50090
OK,Cotton,958,48703
OK,Craig,2338,48825
OK,Creek,10191,53287
OK,Custer,4526,51098
OK,Delaware,7376,47774
OK,Dewey,715,53165
OK,Ellis,480,52503
OK,Garfield,7792,59514
OK,Garvin,3982,50043
OK,Grady,7316,61326
OK,Grant,576,51688
OK,Greer,1018,39391
OK,Harmon,650,38826
OK,Harper,359,58116
OK,Haskell,2485,36954
OK,Hughes,2544,39603
OK,Jackson,3576,55293
OK,Jefferson,1293,37798
OK,Johnston,2108,47039
OK,Kay,6745,50034
OK,Kingfisher,1611,66770
OK,Kiowa,1701,40937
OK,Latimer,1792,37294
OK,Le Flore,11053,42198
OK,Lincoln,5295,51525
OK,Logan,6446,68955
OK,Love,1551,52205
OK,McClain,3987,72895
OK,McCurtain,6571,43930
OK,McIntosh,3444,42506
OK,Major,810,55948
OK,Marshall,2290,49443
OK,Mayes,5656,53161
OK,Murray,1804,55997
OK,Muskogee,12054,44521
OK,Noble,1271,58612
OK,Nowata,1429,50228
OK,Okfuskee,2755,36567
OK,Oklahoma,127511,57890
OK,Okmulgee,6422,46411
OK,Osage,5441,56156
OK,Ottawa,6023,45523
OK,Pawnee,2312,52367
OK,Payne,15373,50651
OK,Pittsburg,7506,47589
OK,Pontotoc,6374,51044
OK,Pottawatomie,10079,51569
OK,Pushmataha,1950,42360
OK,Roger Mills,505,54944
OK,Rogers,9248,69436
OK,Seminole,4623,42053
OK,Sequoyah,7656,43293
OK,Stephens,8055,49840
OK,Texas,2615,56229
OK,Tillman,1432,44231
OK,Tulsa,97613,59232
OK,Wagoner,8104,70603
OK,Washington,8693,54108
OK,Washita,1702,51073
OK,Woods,1125,51371
OK,Woodward,2662,56666
OR,Oregon,507504,71441
OR,Baker,2639,53107
OR,Benton,15593,65419
OR,Clackamas,35044,91076
OR,Clatsop,5315,59539
OR,Columbia,5361,78267
OR,Coos,11136,54067
OR,Crook,3056,65755
OR,Curry,3488,52586
OR,Deschutes,17681,79648
OR,Douglas,18301,52042
OR,Gilliam,205,69135
OR,Grant,1123,53079
OR,Harney,1200,50113
OR,Hood River,2584,70850
OR,Jackson,29803,63308
OR,Jefferson,3836,59317
OR,Josephine,14593,49833
OR,Klamath,13193,49660
OR,Lake,1232,52012
OR,Lane,53989,61509
OR,Lincoln,7633,52751
OR,Linn,15514,64834
OR,Malheur,5664,51466
OR,Marion,44959,64412
OR,Morrow,1694,67334
OR,Multnomah,97458,77851
OR,Polk,9611,71606
OR,Sherman,243,69892
OR,Tillamook,3974,56158
OR,Umatilla,9968,58764
OR,Union,4446,53294
OR,Wallowa,958,58311
OR,Wasco,3487,59638
OR,Washington,51019,91899
OR,Wheeler,248,43468
OR,Yamhill,11257,75303
PA,Pennsylvania,1503929,68931
PA,Adams,8622,72849
PA,Allegheny,136011,68874
PA,Armstrong,7580,54089
PA,Beaver,18184,64593
PA,Bedford,5445,52984
PA,Berks,53947,68693
PA,Blair,14059,55843
PA,Bradford,8085,55199
PA,Bucks,41492,99755
PA,Butler,16104,77902
PA,Cambria,16322,52441
PA,Cameron,588,47588
PA,Carbon,9054,58295
PA,Centre,21124,66239
PA,Chester,34996,109616
PA,Clarion,4190,55551
PA,Clearfield,10556,54539
PA,Clinton,4732,54171
PA,Columbia,9948,56300
PA,Crawford,11942,55141
PA,Cumberland,20156,81975
PA,Dauphin,33359,66121
PA,Delaware,55843,78194
PA,Elk,3061,56843
PA,Erie,40564,56799
PA,Fayette,19633,47812
PA,Forest,907,46432
PA,Franklin,14695,66983
PA,Fulton,1645,55100
PA,Greene,4803,55287
PA,Huntingdon,5426,54516
PA,Indiana,10735,51887
PA,Jefferson,5759,51099
PA,Juniata,2272,55279
PA,Lackawanna,28502,61227
PA,Lancaster,47460,75619
PA,Lawrence,10145,58307
PA,Lebanon,12565,71826
PA,Lehigh,40827,68688
PA,Luzerne,40126,58645
PA,Lycoming,11647,58862
PA,Mc Kean,4953,54377
PA,Mercer,13461,54112
PA,Mifflin,6882,51503
PA,Monroe,18697,74989
PA,Montgomery,58621,102648
PA,Montour,1609,68053
PA,Northampton,29433,78768
PA,Northumberland,10312,50930
PA,Perry,3605,76010
PA,Philadelphia,341533,52882
PA,Pike,5210,70065
PA,Potter,2583,51348
PA,Schuylkill,17477,57868
PA,Snyder,3571,61208
PA,Somerset,8898,53770
PA,Sullivan,742,55516
PA,Susquehanna,4561,56995
PA,Tioga,5266,56920
PA,Union,4211,67424
PA,Venango,6437,56992
PA,Warren,4613,54073
PA,Washington,18667,68238
PA,Wayne,6006,54336
PA,Westmoreland,38934,63184
PA,Wyoming,2944,63118
PA,York,41594,72949
RI,Rhode Island,126971,73324
RI,Bristol,3611,94553
RI,Kent,13635,74282
RI,Newport,7899,85764
RI,Providence,90405,66610
RI,Washington,11421,90152
SC,South Carolina,736098,59447
SC,Abbeville,3498,49485
SC,Aiken,26041,56711
SC,Allendale,2487,31262
SC,Anderson,32461,58951
SC,Bamberg,3249,37906
SC,Barnwell,4680,42265
SC,Beaufort,20996,72661
SC,Berkeley,23708,74289
SC,Calhoun,2629,39476
SC,Charleston,55612,71755
SC,Cherokee,10318,45829
SC,Chester,5530,46500
SC,Chesterfield,8658,45395
SC,Clarendon,6243,41240
SC,Colleton,7964,46629
SC,Darlington,12886,46291
SC,Dillon,7239,39613
SC,Dorchester,15929,71548
SC,Edgefield,4047,57774
SC,Fairfield,4212,40766
SC,Florence,25173,52062
SC,Georgetown,9345,58419
SC,Greenville,56924,68487
SC,Greenwood,10688,52462
SC,Hampton,4208,41281
SC,Horry,45501,56342
SC,Jasper,4723,54099
SC,Kershaw,9225,54900
SC,Lancaster,11670,68993
SC,Laurens,12161,53130
SC,Lee,3817,39125
SC,Lexington,32988,65016
SC,McCormick,1720,50005
SC,Marion,8347,37534
SC,Marlboro,5752,38254
SC,Newberry,5489,57072
SC,Oconee,12882,53432
SC,Orangeburg,21206,39832
SC,Pickens,21938,54415
SC,Richland,66286,56940
SC,Saluda,3067,50440
SC,Spartanburg,44859,60470
SC,Sumter,20439,48286
SC,Union,5354,43615
SC,Williamsburg,6280,40235
SC,York,27670,73466
SD,South Dakota,103337,66843
SD,Aurora,263,56110
SD,Beadle,2383,53648
SD,Bennett,1046,41607
SD,Bon Homme,781,54009
SD,Brookings,3952,61581
SD,Brown,4281,62070
SD,Brule,655,58516
SD,Buffalo,686,25653
SD,Butte,1269,53812
SD,Campbell,150,61892
SD,Charles Mix,1990,50712
SD,Clark,386,59637
SD,Clay,2167,51388
SD,Codington,2712,65106
SD,Corson,1615,34372
SD,Custer,822,68600
SD,Davison,2183,60924
SD,Day,765,56687
SD,Deuel,386,63342
SD,Dewey,1237,45120
SD,Douglas,310,60711
SD,Edmunds,389,67142
SD,Fall River,948,52113
SD,Faulk,315,59970
SD,Grant,730,66697
SD,Gregory,560,45603
SD,Haakon,193,54380
SD,Hamlin,473,75467
SD,Hand,264,64118
SD,Hanson,276,79602
SD,Harding,150,58187
SD,Hughes,1652,72724
SD,Hutchinson,889,60502
SD,Hyde,137,60715
SD,Jackson,801,39639
SD,Jerauld,209,67818
SD,Jones,113,53891
SD,Kingsbury,470,60106
SD,Lake,986,67151
SD,Lawrence,3307,62652
SD,Lincoln,2657,91352
SD,Lyman,767,48076
SD,McCook,507,69208
SD,McPherson,380,49970
SD,Marshall,468,62871
SD,Meade,2733,63475
SD,Mellette,559,40223
SD,Miner,245,60032
SD,Minnehaha,18377,73040
SD,Moody,651,66527
SD,Oglala Lakota,5877,35046
SD,Pennington,12746,64387
SD,Perkins,397,49810
SD,Potter,242,64542
SD,Roberts,1759,55666
SD,Sanborn,283,61286
SD,Spink,673,62269
SD,Stanley,226,73957
SD,Sully,111,62078
SD,Todd,3672,36362
SD,Tripp,1111,50688
SD,Turner,825,66854
SD,Union,1086,87314
SD,Walworth,836,53162
SD,Yankton,2344,65826
SD,Ziebach,905,37066
TN,Tennessee,934856,59698
TN,Anderson,10945,58633
TN,Bedford,6785,55420
TN,Benton,2861,45165
TN,Bledsoe,2765,44867
TN,Blount,13065,62724
TN,Bradley,12529,56273
TN,Campbell,7730,44325
TN,Cannon,2144,53093
TN,Carroll,4318,45997
TN,Carter,9394,45293
TN,Cheatham,3526,75162
TN,Chester,2873,51615
TN,Claiborne,5291,43331
TN,Clay,1404,39770
TN,Cocke,7563,40572
TN,Coffee,9069,55070
TN,Crockett,2156,50792
TN,Cumberland,9180,52000
TN,Davidson,101651,65463
TN,Decatur,1977,48292
TN,DeKalb,3140,45612
TN,Dickson,6608,61219
TN,Dyer,5767,51499
TN,Fayette,5216,70943
TN,Fentress,3692,41469
TN,Franklin,5097,57723
TN,Gibson,6592,51280
TN,Giles,3709,55468
TN,Grainger,3988,46983
TN,Greene,8659,54166
TN,Grundy,2744,41266
TN,Hamblen,11667,48483
TN,Hamilton,45470,65689
TN,Hancock,1829,34055
TN,Hardeman,4501,44314
TN,Hardin,4660,50309
TN,Hawkins,9357,49873
TN,Haywood,3713,42634
TN,Henderson,3752,53282
TN,Henry,5183,45980
TN,Hickman,3895,50345
TN,Houston,1248,48788
TN,Humphreys,2282,55298
TN,Jackson,2453,43611
TN,Jefferson,7962,50969
TN,Johnson,3908,42230
TN,Knox,57580,64817
TN,Lake,1643,29281
TN,Lauderdale,4943,42280
TN,Lawrence,5998,49794
TN,Lewis,1855,50422
TN,Lincoln,5111,52018
TN,Loudon,5365,72378
TN,McMinn,7651,50480
TN,McNairy,3913,45083
TN,Macon,4014,49357
TN,Madison,16124,53954
TN,Marion,4638,51898
TN,Marshall,3828,64710
TN,Maury,10695,68425
TN,Meigs,1956,51337
TN,Monroe,7185,50364
TN,Montgomery,24078,63593
TN,Moore,636,62609
TN,Morgan,3447,48122
TN,Obion,4662,50021
TN,Overton,3352,45793
TN,Perry,1413,43998
TN,Pickett,715,44566
TN,Polk,2350,50863
TN,Putnam,10745,52138
TN,Rhea,5103,50479
TN,Roane,7003,56355
TN,Robertson,7662,67539
TN,Rutherford,30038,77942
TN,Scott,4841,40788
TN,Sequatchie,2198,55099
TN,Sevier,12973,51771
TN,Shelby,163230,54931
TN,Smith,2331,56567
TN,Stewart,1820,56764
TN,Sullivan,26800,49489
TN,Sumner,17062,71268
TN,Tipton,7822,62814
TN,Trousdale,1666,49014
TN,Unicoi,2514,44971
TN,Union,3101,51102
TN,Van Buren,1045,45565
TN,Warren,6403,48444
TN,Washington,18653,56071
TN,Wayne,2819,47563
TN,Weakley,5665,44799
TN,White,4457,45239
TN,Williamson,10137,123474
TN,Wilson,11297,82489
TX,Texas,4122799,66959
TX,Anderson,9124,54515
TX,Andrews,2168,70005
TX,Angelina,15434,50620
TX,Aransas,3629,55435
TX,Archer,829,69286
TX,Armstrong,178,64401
TX,Atascosa,8151,57905
TX,Austin,3122,68150
TX,Bailey,1084,47375
TX,Bandera,2445,69051
TX,Bastrop,11414,72809
TX,Baylor,602,45408
TX,Bee,6383,45431
TX,Bell,52868,58878
TX,Bexar,293859,63014
TX,Blanco,1063,69247
TX,Borden,61,69744
TX,Bosque,2404,56041
TX,Bowie,15460,52934
TX,Brazoria,33053,82165
TX,Brazos,50154,50494
TX,Brewster,1250,51197
TX,Briscoe,205,49905
TX,Brooks,1986,33460
TX,Brown,5603,48803
TX,Burleson,2575,57469
TX,Burnet,4950,72510
TX,Caldwell,5779,60063
TX,Calhoun,2867,70662
TX,Callahan,1702,56708
TX,Cameron,103230,46436
TX,Camp,2102,51024
TX,Carson,520,66548
TX,Cass,5136,42896
TX,Castro,1184,62236
TX,Chambers,5034,89767
TX,Cherokee,8776,48664
TX,Childress,1093,42758
TX,Clay,1093,60973
TX,Cochran,529,42274
TX,Coke,497,46767
TX,Coleman,1488,42253
TX,Collin,72757,102119
TX,Collingsworth,436,45734
TX,Colorado,2527,62004
TX,Comal,9181,93487
TX,Comanche,2196,49076
TX,Concho,490,48563
TX,Cooke,5423,58060
TX,Coryell,9611,59718
TX,Cottle,259,44590
TX,Crane,519,63555
TX,Crockett,447,53159
TX,Crosby,1173,42728
TX,Culberson,427,48217
TX,Dallam,747,70895
TX,Dallas,368709,63549
TX,Dawson,2330,43627
TX,Deaf Smith,3134,50967
TX,Delta,847,50329
TX,Denton,68494,98027
TX,DeWitt,3108,54279
TX,Dickens,313,42690
TX,Dimmit,2162,41838
TX,Donley,516,44353
TX,Duval,2776,37921
TX,Eastland,3191,47526
TX,Ector,26375,58389
TX,Edwards,289,47573
TX,Ellis,17641,87698
TX,El Paso,171242,50983
TX,Erath,7181,51964
TX,Falls,3141,46173
TX,Fannin,4835,56794
TX,Fayette,2676,64711
TX,Fisher,564,51362
TX,Floyd,966,43855
TX,Foard,183,42616
TX,Fort Bend,61654,98070
TX,Franklin,1537,51885
TX,Freestone,2892,48397
TX,Frio,4124,47833
TX,Gaines,3009,58712
TX,Galveston,42174,77627
TX,Garza,1044,43890
TX,Gillespie,2376,71594
TX,Glasscock,98,116958
TX,Goliad,1045,58937
TX,Gonzales,3129,48164
TX,Gray,3388,45530
TX,Grayson,15392,62678
TX,Gregg,19426,57608
TX,Grimes,4419,52540
TX,Guadalupe,16664,80145
TX,Hale,5848,47373
TX,Hall,679,34766
TX,Hamilton,1201,53759
TX,Hansford,595,57692
TX,Hardeman,610,45677
TX,Hardin,5485,67183
TX,Harris,767505,63539
TX,Harrison,10198,56645
TX,Hartley,450,71332
TX,Haskell,1023,43546
TX,Hays,30782,79336
TX,Hemphill,330,65387
TX,Henderson,12989,50348
TX,Hidalgo,251220,44260
TX,Hill,4985,52495
TX,Hockley,3379,51078
TX,Hood,6484,68911
TX,Hopkins,5350,56680
TX,Houston,3915,45603
TX,Howard,4851,55842
TX,Hudspeth,780,38904
TX,Hunt,13902,58326
TX,Hutchinson,2551,56646
TX,Irion,136,69966
TX,Jack,1233,51846
TX,Jackson,2002,60666
TX,Jasper,7663,50038
TX,Jeff Davis,398,56149
TX,Jefferson,45633,55575
TX,Jim Hogg,1111,37454
TX,Jim Wells,8234,43852
TX,Johnson,17978,76226
TX,Jones,2929,52288
TX,Karnes,2721,48470
TX,Kaufman,13916,73660
TX,Kendall,3154,102832
TX,Kenedy,48,42379
TX,Kent,81,54154
TX,Kerr,6378,60834
TX,Kimble,679,48671
TX,King,30,74890
TX,Kinney,545,50567
TX,Kleberg,7233,49226
TX,Knox,562,45558
TX,Lamar,8424,50787
TX,Lamb,2423,48981
TX,Lampasas,2694,64401
TX,La Salle,1503,40549
TX,Lavaca,2505,54421
TX,Lee,2215,59469
TX,Leon,2593,51582
TX,Liberty,14473,57174
TX,Limestone,3503,50381
TX,Lipscomb,385,64249
TX,Live Oak,1838,52910
TX,Llano,2650,61037
TX,Loving,3,100917
TX,Lubbock,48593,57270
TX,Lynn,952,50374
TX,McCulloch,1288,43525
TX,McLennan,37352,58524
TX,McMullen,73,63120
TX,Madison,2000,48251
TX,Marion,2188,43178
TX,Martin,688,69505
TX,Mason,466,56690
TX,Matagorda,8267,50054
TX,Maverick,11691,41815
TX,Medina,7080,62907
TX,Menard,380,41507
TX,Midland,17432,84837
TX,Milam,3604,53320
TX,Mills,601,54948
TX,Mitchell,1447,44476
TX,Montague,2850,54988
TX,Montgomery,67809,87831
TX,Moore,2486,61833
TX,Morris,2213,44957
TX,Motley,180,47835
TX,Nacogdoches,12474,46970
TX,Navarro,8469,51015
TX,Newton,2310,44030
TX,Nolan,2601,44342
TX,Nueces,62967,59337
TX,Ochiltree,1149,60914
TX,Oldham,239,62868
TX,Orange,10515,65908
TX,Palo Pinto,4212,57580
TX,Panola,3018,54244
TX,Parker,12227,85613
TX,Parmer,1481,56632
TX,Pecos,2972,49291
TX,Polk,8117,50827
TX,Potter,22716,45904
TX,Presidio,1304,39791
TX,Rains,1594,57294
TX,Randall,12785,72082
TX,Reagan,386,65162
TX,Real,435,46907
TX,Red River,2140,46134
TX,Reeves,2590,46275
TX,Refugio,1033,46695
TX,Roberts,59,73224
TX,Robertson,2842,50816
TX,Rockwall,5880,120696
TX,Runnels,1509,48190
TX,Rusk,7880,53186
TX,Sabine,1628,46233
TX,San Augustine,1768,43335
TX,San Jacinto,4804,52302
TX,San Patricio,11367,58227
TX,San Saba,935,45437
TX,Schleicher,358,52408
TX,Scurry,2308,49727
TX,Shackelford,383,61351
TX,Shelby,4650,43244
TX,Sherman,332,62557
TX,Smith,30154,62903
TX,Somervell,863,68280
TX,Starr,20610,33535
TX,Stephens,1389,46064
TX,Sterling,158,69212
TX,Stonewall,185,49813
TX,Sutton,459,59905
TX,Swisher,1347,45509
TX,Tarrant,242783,71399
TX,Taylor,24828,53820
TX,Terrell,126,44343
TX,Terry,2414,42225
TX,Throckmorton,224,46253
TX,Titus,4920,49513
TX,Tom Green,15221,60750
TX,Travis,143340,84519
TX,Trinity,2339,46569
TX,Tyler,3232,46955
TX,Upshur,6166,51634
TX,Upton,502,49340
TX,Uvalde,4984,48438
TX,Val Verde,8612,50532
TX,Van Zandt,8074,59929
TX,Victoria,14471,57142
TX,Walker,14402,43012
TX,Waller,7505,65437
TX,Ward,1565,58461
TX,Washington,4719,66601
TX,Webb,59771,50865
TX,Wharton,6575,56522
TX,Wheeler,691,49282
TX,Wichita,17237,53148
TX,Wilbarger,1747,48117
TX,Willacy,5912,37087
TX,Williamson,38403,96653
TX,Wilson,5004,78794
TX,Winkler,1076,62477
TX,Wise,7216,77668
TX,Wood,6250,53485
TX,Yoakum,971,66816
TX,Young,2628,53715
TX,Zapata,4001,37474
TX,Zavala,2338,35046
UT,Beaver,662,59437
UT,Box Elder,4712,69538
UT,Cache,14719,69670
UT,Carbon,3166,50503
UT,Daggett,70,57400
UT,Davis,23286,93260
UT,Duchesne,2555,63327
UT,Emery,1173,62257
UT,Garfield,490,56943
UT,Grand,1061,52645
UT,Iron,7906,61421
UT,Juab,1057,77036
UT,Kane,729,62311
UT,Millard,1322,68131
UT,Morgan,564,111472
UT,Piute,219,50768
UT,Rich,208,70815
UT,Salt Lake,103046,80676
UT,San Juan,3832,48071
UT,Sanpete,3129,62098
UT,Sevier,2107,68303
UT,Summit,2509,124354
UT,Tooele,4289,90591
UT,Uintah,4285,64105
UT,Utah,54542,86597
UT,Wasatch,1751,102206
UT,Washington,17782,63639
UT,Wayne,283,57768
UT,Weber,24635,72348
VT,Vermont,63208,72415
VT,Addison,2919,79756
VT,Bennington,4471,65185
VT,Caledonia,3687,59762
VT,Chittenden,15931,84290
VT,Essex,854,50840
VT,Franklin,4578,69583
VT,Grand Isle,574,80693
VT,Lamoille,2222,64083
VT,Orange,2827,71487
VT,Orleans,3384,54346
VT,Rutland,6135,59916
VT,Washington,5015,75692
VT,Windham,5065,64381
VT,Windsor,5547,65086
VA,Accomack,5326,50949
VA,Albemarle,7465,91849
VA,Alleghany,1967,49197
VA,Amelia,1307,62884
VA,Amherst,3742,57294
VA,Appomattox,1873,58860
VA,Arlington,18150,124474
VA,Augusta,6314,69243
VA,Bath,449,56200
VA,Bedford,7042,66026
VA,Bland,796,50492
VA,Botetourt,2335,74081
VA,Brunswick,2955,47401
VA,Buchanan,4502,38087
VA,Buckingham,2487,54263
VA,Campbell,6018,53059
VA,Caroline,3357,73390
VA,Carroll,4231,45956
VA,Charles City,753,63299
VA,Charlotte,1917,48382
VA,Chesterfield,26947,86101
VA,Clarke,1059,91603
VA,Craig,557,57299
VA,Culpeper,4647,82220
VA,Cumberland,1432,52200
VA,Dickenson,2929,39722
VA,Dinwiddie,3268,66397
VA,Essex,1211,59012
VA,Fairfax,79572,133845
VA,Fauquier,4780,106714
VA,Floyd,1880,54765
VA,Fluvanna,2027,77226
VA,Franklin,6052,60062
VA,Frederick,6980,85262
VA,Giles,1934,55018
VA,Gloucester,3252,75630
VA,Goochland,1549,104379
VA,Grayson,2527,42553
VA,Greene,1630,76941
VA,Greensville,1945,49323
VA,Halifax,5290,46244
VA,Hanover,7297,95195
VA,Henrico,23099,78888
VA,Henry,8421,45784
VA,Highland,290,48972
VA,Isle of Wight,3205,86286
VA,James City,5538,92270
VA,King and Queen,938,59730
VA,King George,1776,98668
VA,King William,1280,79378
VA,Lancaster,1291,58578
VA,Lee,5178,38529
VA,Loudoun,15315,153716
VA,Louisa,3873,68838
VA,Lunenburg,2045,44852
VA,Madison,1294,67527
VA,Mathews,776,69978
VA,Mecklenburg,4619,48013
VA,Middlesex,1360,62710
VA,Montgomery,20612,57752
VA,Nelson,1828,61224
VA,New Kent,1150,102920
VA,Northampton,2089,51059
VA,Northumberland,1579,63255
VA,Nottoway,2800,46442
VA,Orange,3257,94547
VA,Page,3154,53449
VA,Patrick,2481,46963
VA,Pittsylvania,7731,52006
VA,Powhatan,1812,99854
VA,Prince Edward,3407,51239
VA,Prince George,4017,79710
VA,Prince William,30613,116354
VA,Pulaski,4420,53111
VA,Rappahannock,671,80098
VA,Richmond,1250,53959
VA,Roanoke,7597,73438
VA,Rockbridge,2254,59252
VA,Rockingham,6848,72392
VA,Russell,4649,45254
VA,Scott,4049,42894
VA,Shenandoah,4361,65308
VA,Smyth,5042,42303
VA,Southampton,2316,57965
VA,Spotsylvania,10287,100162
VA,Stafford,8443,116569
VA,Surry,797,61358
VA,Sussex,1616,54282
VA,Tazewell,7500,40728
VA,Warren,3699,73546
VA,Washington,6900,54223
VA,Westmoreland,2812,59959
VA,Wise,6330,41994
VA,Wythe,4727,51206
VA,York,3559,97500
VA,Alexandria city,15125,100877
VA,Bristol city,3098,41272
VA,Buena Vista city,921,47144
VA,Charlottesville city,9432,61255
VA,Chesapeake city,20347,87057
VA,Colonial Heights city,1704,59455
VA,Covington city,979,43075
VA,Danville city,9832,37652
VA,Emporia city,1143,41610
VA,Fairfax city,1747,107334
VA,Falls Church city,581,142430
VA,Franklin city,1584,46460
VA,Fredericksburg city,3696,77437
VA,Galax city,1334,42023
VA,Hampton city,16442,57662
VA,Harrisonburg city,11006,50250
VA,Hopewell city,4737,47263
VA,Lexington city,988,53400
VA,Lynchburg city,12216,52127
VA,Manassas city,3660,100530
VA,Manassas Park city,1242,87255
VA,Martinsville city,2622,38571
VA,Newport News city,27809,58303
VA,Norfolk city,34150,56951
VA,Norton city,738,38316
VA,Petersburg city,7518,40682
VA,Poquoson city,677,105525
VA,Portsmouth city,16721,53618
VA,Radford city,3456,48898
VA,Richmond city,45409,52011
VA,Roanoke city,17429,47545
VA,Salem city,2469,60740
VA,Staunton city,2979,54508
VA,Suffolk city,10069,78090
VA,Virginia Beach city,41912,81364
VA,Waynesboro city,2748,54106
VA,Williamsburg city,2170,61750
VA,Winchester city,3388,55908
WA,Washington,755589,84155
WA,Adams,3268,57405
WA,Asotin,3080,56438
WA,Benton,22043,77339
WA,Chelan,8478,64700
WA,Clallam,9204,62623
WA,Clark,45938,83790
WA,Columbia,529,59650
WA,Cowlitz,13865,70104
WA,Douglas,4331,64932
WA,Ferry,1266,50565
WA,Franklin,11196,79532
WA,Garfield,305,61268
WA,Grant,11623,61815
WA,Grays Harbor,10157,55018
WA,Island,6905,76729
WA,Jefferson,3699,61548
WA,King,205784,110351
WA,Kitsap,23100,86826
WA,Kittitas,6195,62721
WA,Klickitat,2978,61542
WA,Lewis,11288,63828
WA,Lincoln,1260,64692
WA,Mason,8214,73696
WA,Okanogan,6748,55233
WA,Pacific,3171,58715
WA,Pend Oreille,2188,55060
WA,Pierce,74284,85492
WA,San Juan,1997,71678
WA,Skagit,15073,72831
WA,Skamania,1324,75158
WA,Snohomish,59505,99650
WA,Spokane,59848,65571
WA,Stevens,6392,60180
WA,Thurston,29197,81544
WA,Wahkiakum,535,64777
WA,Walla Walla,7043,63631
WA,Whatcom,29011,71739
WA,Whitman,7490,53140
WA,Yakima,37078,60058
WV,West Virginia,291051,51122
WV,Barbour,2896,43545
WV,Berkeley,12365,70893
WV,Boone,5219,41227
WV,Braxton,2544,41587
WV,Brooke,2776,52217
WV,Cabell,17022,46923
WV,Calhoun,1459,38835
WV,Clay,1745,38261
WV,Doddridge,1222,48473
WV,Fayette,7599,40478
WV,Gilmer,1455,40450
WV,Grant,1646,47357
WV,Greenbrier,6037,41958
WV,Hampshire,3633,52186
WV,Hancock,4223,52301
WV,Hardy,2457,51591
WV,Harrison,9405,52026
WV,Jackson,4222,58606
WV,Jefferson,5575,85277
WV,Kanawha,27810,55069
WV,Lewis,2975,47275
WV,Lincoln,4065,41452
WV,Logan,7325,40394
WV,McDowell,5768,28720
WV,Marion,8257,51252
WV,Marshall,4826,51385
WV,Mason,4554,44360
WV,Mercer,10503,45679
WV,Mineral,3534,54960
WV,Mingo,7115,33416
WV,Monongalia,18293,56706
WV,Monroe,1872,47344
WV,Morgan,2184,58460
WV,Nicholas,4776,47186
WV,Ohio,5793,53560
WV,Pendleton,969,48035
WV,Pleasants,986,53712
WV,Pocahontas,1227,40260
WV,Preston,4618,57174
WV,Putnam,5725,66946
WV,Raleigh,15381,42525
WV,Randolph,4491,44451
WV,Ritchie,1589,47873
WV,Roane,2510,41202
WV,Summers,2740,40704
WV,Taylor,2552,51580
WV,Tucker,954,49097
WV,Tyler,1128,51594
WV,Upshur,4183,49704
WV,Wayne,6189,49227
WV,Webster,2060,36919
WV,Wetzel,2304,50110
WV,Wirt,893,50160
WV,Wood,12172,53435
WV,Wyoming,5232,37522
WI,Wisconsin,622948,67150
WI,Adams,2995,53592
WI,Ashland,2266,54799
WI,Barron,4219,60371
WI,Bayfield,1876,63136
WI,Brown,24355,67232
WI,Buffalo,1177,61382
WI,Burnett,2018,56874
WI,Calumet,2763,78666
WI,Chippewa,6376,62306
WI,Clark,4257,59258
WI,Columbia,4415,74842
WI,Crawford,1831,57130
WI,Dane,62409,77653
WI,Dodge,7043,67743
WI,Door,2604,64818
WI,Douglas,6193,58412
WI,Dunn,5177,64065
WI,Eau Claire,12739,63073
WI,Florence,478,62243
WI,Fond du Lac,8168,69428
WI,Forest,1250,52275
WI,Grant,6039,57861
WI,Green,2619,73386
WI,Green Lake,2478,59732
WI,Iowa,1777,73294
WI,Iron,743,50731
WI,Jackson,2497,59478
WI,Jefferson,6203,69247
WI,Juneau,3549,57000
WI,Kenosha,17554,71051
WI,Kewaunee,1567,71861
WI,La Crosse,13944,62302
WI,Lafayette,1639,66719
WI,Langlade,2348,57229
WI,Lincoln,2843,62064
WI,Manitowoc,8665,59774
WI,Marathon,10345,74050
WI,Marinette,3840,56942
WI,Marquette,1880,60020
WI,Menominee,1027,42976
WI,Milwaukee,161890,56417
WI,Monroe,5119,62742
WI,Oconto,3225,68480
WI,Oneida,3464,60679
WI,Outagamie,13789,73882
WI,Ozaukee,4244,91014
WI,Pepin,716,66179
WI,Pierce,3399,80354
WI,Polk,3829,68732
WI,Portage,7031,66471
WI,Price,1628,56249
WI,Racine,23827,69021
WI,Richland,2320,59120
WI,Rock,16283,66383
WI,Rusk,1925,51585
WI,St. Croix,5075,94629
WI,Sauk,6305,70254
WI,Sawyer,2588,51748
WI,Shawano,3916,62669
WI,Sheboygan,10013,64133
WI,Taylor,2027,59473
WI,Trempealeau,2892,63235
WI,Vernon,4489,60041
WI,Vilas,2677,61716
WI,Walworth,10644,70688
WI,Washburn,1955,57536
WI,Washington,7107,85266
WI,Waukesha,20035,94506
WI,Waupaca,5014,63216
WI,Waushara,3055,57188
WI,Winnebago,18013,64640
WI,Wood,8286,55946
WY,Wyoming,60226,66508
WY,Albany,6309,53112
WY,Big Horn,1440,58697
WY,Campbell,3882,88491
WY,Carbon,1706,63984
WY,Converse,1321,74174
WY,Crook,548,63270
WY,Fremont,5683,56316
WY,Goshen,1482,53428
WY,Hot Springs,592,54680
WY,Johnson,855,57275
WY,Laramie,9765,63134
WY,Lincoln,1522,75872
WY,Natrona,8349,63940
WY,Niobrara,341,50733
WY,Park,3372,63286
WY,Platte,1009,59634
WY,Sheridan,2929,63745
WY,Sublette,612,76703
WY,Sweetwater,3761,74677
WY,Teton,1392,102709
WY,Uinta,1917,70162
WY,Washakie,773,62176
WY,Weston,666,62509
